# Blender 5.0.1
# www.blender.org
o cube.184
v 3.390773 2.493634 1.501645
v 3.390773 2.993286 1.501645
v 3.390773 2.493634 -4.391500
v 3.390773 2.991587 -4.391259
v 3.174686 2.493634 1.501646
v 3.174686 2.993286 1.501646
v 3.141804 2.493634 -4.397181
v 3.141804 2.991587 -4.396940
v -3.503866 1.487844 -4.379539
v -3.503866 1.987497 -4.379539
v -3.429040 1.487844 -2.616588
v -3.429051 1.985798 -2.616828
v -3.199056 1.487844 -4.386789
v -3.199056 1.987497 -4.386790
v -3.124230 1.487844 -2.623839
v -3.124240 1.985798 -2.624079
v -3.455515 0.981832 -4.393703
v -3.455515 1.481485 -4.393703
v -3.380689 0.981832 0.914735
v -3.380700 1.479786 0.914494
v -3.170753 0.981832 -4.400954
v -3.170753 1.481485 -4.400954
v -3.141613 0.981832 0.907484
v -3.141623 1.479786 0.907243
v -3.385183 1.974710 -0.848579
v -3.385183 2.474363 -0.848579
v -3.440303 1.974710 0.915098
v -3.440295 2.472664 0.914857
v -3.112731 1.974710 -0.843237
v -3.112731 2.474363 -0.843238
v -3.167851 1.974710 0.920440
v -3.167844 2.472664 0.920199
v -3.385183 2.513101 3.186360
v -3.385183 3.012754 3.186359
v -3.440303 2.513102 4.449855
v -3.440295 3.011055 4.449615
v -3.112731 2.513101 3.191702
v -3.112731 3.012754 3.191701
v -3.167851 2.513102 4.455196
v -3.167844 3.011055 4.454956
v -3.431879 1.009586 3.215192
v -3.431879 1.509239 3.215192
v -3.434618 1.009586 4.479887
v -3.434620 1.507540 4.479646
v -3.159440 1.009586 3.209245
v -3.159440 1.509239 3.209244
v -3.162179 1.009586 4.473938
v -3.162181 1.507540 4.473698
v 2.998785 1.517545 4.546375
v 2.998785 2.017198 4.546375
v -3.044343 1.517546 4.546375
v -3.044102 2.015499 4.546375
v 2.993104 1.517545 4.794202
v 2.993104 2.017198 4.794202
v -3.050024 1.517546 4.794202
v -3.049783 2.015499 4.794202
v 3.013490 2.892557 4.481241
v 3.013490 3.392209 4.481241
v -3.044976 2.892557 4.562866
v -3.044735 3.390511 4.562865
v 3.009165 2.892557 4.777711
v 3.009166 3.392209 4.777711
v -3.049301 2.892557 4.810721
v -3.049061 3.390511 4.810719
v 1.258617 2.892557 4.539329
v 1.258686 3.391722 4.539329
v 1.254291 2.892557 4.787184
v 1.254361 3.391722 4.787183
v -1.879071 3.427875 4.551097
v -1.883396 3.427875 4.798952
v -1.879225 2.892557 4.551097
v -1.883551 2.892557 4.798953
v 3.424448 0.999321 4.368950
v 3.424448 1.498973 4.368951
v 3.424448 0.999321 -4.391500
v 3.424448 1.497274 -4.391259
v 3.176619 0.999321 4.368951
v 3.176619 1.498973 4.368952
v 3.143738 0.999321 -4.397181
v 3.143738 1.497274 -4.396940
v 3.440320 1.582717 1.501645
v 3.440320 2.082370 1.501645
v 3.396592 1.519379 -4.391500
v 3.396592 2.017333 -4.391259
v 3.189906 1.582717 1.501646
v 3.189906 2.082370 1.501646
v 3.157025 1.519379 -4.397181
v 3.157025 2.017333 -4.396940
v -3.215335 3.652844 5.485679
v -3.339394 3.862726 5.485679
v -3.215336 3.652844 -5.508627
v -3.338531 3.861263 -5.541149
v -3.633734 3.405533 5.561573
v -3.757793 3.615414 5.561573
v -3.662040 3.388801 -5.514308
v -3.785234 3.597220 -5.546830
v -1.506505 4.662923 5.655668
v -1.630564 4.872805 5.655668
v -1.506505 4.662922 -5.750933
v -1.639325 4.887624 -5.750692
v -1.924903 4.415612 5.655669
v -2.048962 4.625493 5.655669
v -1.953210 4.398880 -5.756614
v -2.086029 4.623581 -5.756373
v -2.395069 4.137699 5.552640
v -2.532741 4.370611 5.552640
v -2.395069 4.137698 -5.642993
v -2.531877 4.369148 -5.564762
v -2.813467 3.890388 5.524037
v -2.895845 4.128106 5.526982
v -2.841773 3.873655 -5.648674
v -2.920372 4.111634 -5.569857
v -0.659276 5.163712 5.552640
v -0.807638 5.414709 5.552640
v -0.659276 5.163711 -5.642993
v -0.806774 5.413246 -5.564762
v -1.077674 4.916400 5.524037
v -1.170742 5.172204 5.526982
v -1.105981 4.899668 -5.648674
v -1.195270 5.155732 -5.569858
v 3.215337 3.652844 5.485680
v 3.339396 3.862726 5.485679
v 3.215337 3.652844 -5.508627
v 3.338531 3.861262 -5.541149
v 3.633735 3.405533 5.561573
v 3.757793 3.615414 5.561573
v 3.662041 3.388801 -5.514308
v 3.785235 3.597219 -5.546830
v 1.506506 4.662923 5.655668
v 1.630565 4.872805 5.655668
v 1.506506 4.662922 -5.750933
v 1.639326 4.887624 -5.750692
v 1.924904 4.415612 5.655669
v 2.048963 4.625493 5.655669
v 1.953210 4.398879 -5.756614
v 2.086030 4.623581 -5.756373
v 2.395069 4.137699 5.552640
v 2.532741 4.370611 5.552640
v 2.395070 4.137699 -5.642993
v 2.531878 4.369147 -5.564762
v 2.813467 3.890387 5.524037
v 2.895845 4.128106 5.526983
v 2.841774 3.873655 -5.648674
v 2.920373 4.111634 -5.569857
v 0.659277 5.163712 5.552640
v 0.807638 5.414709 5.552639
v 0.659277 5.163711 -5.642993
v 0.806775 5.413246 -5.564762
v 1.077675 4.916400 5.524037
v 1.170743 5.172204 5.526982
v 1.105981 4.899668 -5.648674
v 1.195270 5.155732 -5.569858
v 3.068925 0.481521 1.928993
v 3.496270 0.481521 1.928993
v 3.496270 3.670291 1.928993
v 3.068925 3.670292 1.928993
v 3.496271 3.670292 1.501647
v 3.068925 3.670292 1.501647
v 3.496271 0.481521 1.501648
v 3.068925 0.481521 1.501648
v 3.068925 0.481521 3.394544
v 3.496270 0.481521 3.394544
v 3.496270 3.670292 3.394544
v 3.068925 3.670292 3.394544
v 3.496271 3.670292 2.967197
v 3.068925 3.670292 2.967197
v 3.496270 0.481521 2.967198
v 3.068925 0.481521 2.967197
v -3.373358 0.481521 4.758012
v 3.373363 0.481521 4.758012
v 3.373362 3.370519 4.758012
v -3.373358 3.370519 4.758012
v -3.202359 3.370518 -4.587015
v -3.202359 0.481521 -4.587011
v 3.202361 0.481521 -4.587011
v 3.373363 0.481520 -4.758013
v -3.373358 0.481520 -4.758013
v -3.373358 3.370518 -4.758013
v 3.373363 3.370518 -4.758013
v -3.202359 3.670292 -4.587014
v -3.202359 3.670293 4.587010
v 3.202362 3.670292 4.587011
v -3.202359 0.481522 4.587013
v -3.373359 0.481521 1.105650
v -3.202359 0.481521 1.105650
v -3.202359 3.366906 1.105650
v -3.373359 3.366906 1.105650
v -3.202359 0.481521 3.010427
v -3.373358 0.481521 3.010427
v -3.373358 3.366906 3.010427
v -3.202359 3.366906 3.010427
v -3.552980 3.370519 4.937631
v -3.552980 3.366906 3.010427
v -3.202359 3.670292 3.010427
v -3.552980 3.366906 1.105649
v 3.373362 3.683357 4.758012
v -3.373358 3.683357 4.758012
v -3.552980 3.683357 4.937631
v 3.552984 3.683356 4.937631
v -3.202359 3.670293 1.105650
v 3.552984 3.370518 4.937631
v 3.552983 3.370518 -4.937632
v -3.552981 3.370518 -4.937632
v -3.552980 3.683356 -4.937632
v 3.552983 3.683356 -4.937632
v -3.552980 3.683357 3.010427
v -3.552980 3.683357 1.105650
v -3.373358 3.683356 -4.758013
v 3.373363 3.683356 -4.758013
v -3.373359 3.683357 3.010427
v -3.373359 3.683357 1.105650
v 0.000001 5.587713 4.758012
v 0.000001 5.587713 4.587010
v 0.000001 5.587712 -4.758013
v 0.000001 5.587712 -4.587012
v 0.000001 5.786245 5.441991
v 0.000001 5.786244 -5.442000
v 4.086891 3.370518 -5.442000
v 4.086890 3.370519 5.441991
v -4.086888 3.370519 5.441991
v -4.086888 3.370518 -5.441999
v 0.000001 5.587713 5.441991
v 3.967502 3.211895 5.441991
v 3.967501 3.211894 -5.442000
v 0.000001 5.587712 -5.442000
v -3.967501 3.211895 5.441991
v -3.967502 3.211895 -5.441999
v -0.618508 3.376854 -5.662543
v -0.618508 3.376854 -4.325773
v -0.618508 7.029633 -4.325773
v -0.618508 7.029632 -5.662543
v 0.945644 2.721374 -5.989676
v 0.945645 2.721374 -3.998639
v -0.945644 2.721374 -3.998639
v -0.945643 2.721374 -5.989676
v 0.618511 3.376854 -4.325773
v 0.618511 3.376854 -5.662543
v 0.618511 7.029633 -4.325773
v 0.618511 7.029632 -5.662543
v -3.474403 0.481521 4.878309
v -3.047058 0.481521 4.878309
v -3.047058 3.670292 4.878308
v -3.474402 3.670292 4.878308
v -3.047058 3.670292 4.450963
v -3.474402 3.670292 4.450963
v -3.047058 0.481521 4.450963
v -3.474402 0.481521 4.450963
v -3.474403 0.481520 -4.373335
v -3.047059 0.481520 -4.373335
v -3.047058 3.670291 -4.373335
v -3.474402 3.670291 -4.373335
v -3.047058 3.670291 -4.800681
v -3.474402 3.670291 -4.800681
v -3.047058 0.481520 -4.800680
v -3.474403 0.481520 -4.800680
v -3.474402 0.481520 1.319327
v -3.047058 0.481521 1.319326
v -3.047058 3.670292 1.319326
v -3.474402 3.670292 1.319326
v -3.047058 3.670292 0.891981
v -3.474402 3.670292 0.891981
v -3.047058 0.481520 0.891981
v -3.474403 0.481520 0.891981
v -3.474402 0.481520 3.224101
v -3.047058 0.481521 3.224102
v -3.047058 3.670292 3.224101
v -3.474402 3.670292 3.224101
v -3.047058 3.670292 2.796757
v -3.474402 3.670292 2.796756
v -3.047058 0.481520 2.796757
v -3.474402 0.481520 2.796757
v 3.202362 3.370519 1.501649
v 3.202361 0.481521 1.501650
v 3.202361 3.370518 3.394544
v 3.202361 0.481521 3.394544
v 3.202361 3.670291 1.501649
v 3.202361 3.670291 3.394544
v 3.552983 3.370519 1.928995
v 3.552983 3.683357 1.928995
v 3.373363 3.370519 2.967203
v 3.373362 3.370519 1.928995
v 3.552983 3.683357 2.967203
v 3.373363 0.481521 2.967203
v -3.373358 0.481520 -1.098580
v -3.373358 3.368588 -1.098341
v -3.373358 0.481520 -2.181452
v -3.373359 3.368819 -2.181693
v -3.552980 3.368816 -2.181691
v -3.552980 3.683356 -2.181452
v -3.552980 3.368592 -1.188153
v -3.552980 3.683356 -1.188391
v -3.202359 3.368556 -1.143366
v -3.202358 0.481521 -1.143366
v -3.202359 3.368868 -2.181570
v -3.202358 3.670292 -2.181570
v -3.202358 3.670292 -1.143366
v -3.068916 0.481520 -1.143368
v -3.496261 0.481521 -1.143368
v -3.496261 3.670292 -1.143368
v -3.068916 3.670291 -1.143368
v -3.496261 3.670292 -0.716023
v -3.068916 3.670291 -0.716023
v -3.496261 0.481520 -0.716023
v -3.068916 0.481520 -0.716023
v -3.068917 0.481520 -2.608918
v -3.496264 0.481520 -2.608918
v -3.496264 3.670291 -2.608918
v -3.068917 3.670291 -2.608917
v -3.496263 3.670292 -2.181572
v -3.068918 3.670291 -2.181572
v -3.496263 0.481520 -2.181572
v -3.068918 0.481520 -2.181572
v -3.202358 0.481520 -2.181571
v 2.988689 0.481520 -4.373337
v 3.416034 0.481520 -4.373337
v 3.416034 3.670291 -4.373337
v 2.988689 3.670291 -4.373337
v 3.416034 3.670291 -4.800683
v 2.988689 3.670291 -4.800683
v 3.416034 0.481520 -4.800683
v 2.988689 0.481520 -4.800682
v 2.988689 0.481521 4.800687
v 3.416034 0.481521 4.800687
v 3.416034 3.670291 4.800687
v 2.988688 3.670291 4.800687
v 3.416034 3.670292 4.373342
v 2.988688 3.670292 4.373342
v 3.416034 0.481521 4.373342
v 2.988688 0.481521 4.373342
v -2.902584 0.481521 0.084657
v -3.202357 0.481522 0.084657
v -3.202357 0.481522 -0.084665
v -3.202359 3.370517 0.084657
v -3.202359 3.370517 -0.084665
v -2.902583 0.481521 -0.084665
v -2.902585 3.370516 -0.084665
v -2.902585 3.370516 0.084657
v 3.033039 3.670292 4.587009
v 3.033039 3.370518 4.587007
v 3.202362 3.370518 4.587009
v 3.033039 3.370517 -4.587017
v 3.202362 3.370518 -4.587015
v 3.202362 3.670291 -4.587014
v 3.033039 3.670292 -4.587016
v -3.202359 3.370519 4.587008
v -3.033036 3.370518 4.587007
v -3.033036 3.370517 -4.587018
v -3.033036 3.670292 -4.587017
v -0.084660 5.591962 4.927752
v -0.084660 5.309310 4.927751
v 0.084663 5.309310 4.927751
v -0.084659 5.309310 -4.587017
v 0.084663 5.309310 -4.587017
v 0.084663 5.591962 4.927752
v 0.084663 5.591962 -4.587016
v -0.084660 5.591962 -4.587016
v 3.033038 3.670293 0.084657
v 3.033037 3.370518 0.084657
v 3.033037 3.370518 -0.084665
v -3.033037 3.370517 0.084657
v -3.033037 3.370517 -0.084665
v 3.033038 3.670293 -0.084665
v -3.033036 3.670292 -0.084665
v -3.033036 3.670292 0.084657
v 2.988689 3.670293 4.587007
v 2.988689 3.370519 4.587007
v 2.988689 3.370519 4.417684
v -3.033036 3.370517 4.417684
v 2.988689 3.670293 4.417684
v -3.033035 3.670292 4.417684
v -3.033036 3.670292 4.587007
v 2.988689 3.670292 -4.417696
v 2.988689 3.370518 -4.417696
v 2.988689 3.370518 -4.587018
v -3.033035 3.370517 -4.417696
v 2.988689 3.670292 -4.587018
v -3.033034 3.670292 -4.417696
v -0.021239 5.378783 4.903249
v 0.076448 5.541934 4.903249
v 0.076448 5.541934 4.399449
v 3.198508 3.672594 4.903249
v 3.198507 3.672594 4.399450
v -0.021239 5.378783 4.399449
v 3.100820 3.509444 4.399450
v 3.100820 3.509444 4.903249
v 0.021242 5.378783 4.903249
v -0.076445 5.541934 4.903249
v -0.076445 5.541934 4.399449
v -3.198504 3.672594 4.903249
v -3.198503 3.672594 4.399449
v 0.021242 5.378783 4.399449
v -3.100816 3.509444 4.399449
v -3.100816 3.509444 4.903249
v -0.021239 5.378784 0.093775
v 0.076449 5.541934 0.093775
v 0.076449 5.541934 -0.093783
v 3.198508 3.672596 0.093774
v 3.198508 3.672596 -0.093783
v -0.021239 5.378784 -0.093783
v 3.100821 3.509446 -0.093783
v 3.100821 3.509446 0.093775
v 0.021242 5.378784 0.093775
v -0.076445 5.541934 0.093775
v -0.076445 5.541934 -0.093783
v -3.198503 3.672596 0.093774
v -3.198503 3.672596 -0.093783
v 0.021242 5.378784 -0.093783
v -3.100816 3.509445 -0.093783
v -3.100816 3.509445 0.093774
v -0.021239 5.378783 -4.399465
v 0.076449 5.541934 -4.399465
v 0.076449 5.541934 -4.912843
v 3.198508 3.672594 -4.399465
v 3.198508 3.672594 -4.912843
v -0.021239 5.378783 -4.912843
v 3.100820 3.509444 -4.912843
v 3.100820 3.509444 -4.399465
v 0.021243 5.378783 -4.399465
v -0.076444 5.541934 -4.399465
v -0.076444 5.541934 -4.912843
v -3.198504 3.672594 -4.399465
v -3.198503 3.672594 -4.912844
v 0.021243 5.378783 -4.912843
v -3.100816 3.509444 -4.912844
v -3.100816 3.509444 -4.399465
v 3.202361 0.481521 0.084657
v 2.902587 0.481522 0.084657
v 2.902587 0.481522 -0.084666
v 2.902586 3.370517 0.084657
v 2.902586 3.370517 -0.084666
v 3.202361 0.481521 -0.084666
v 3.202360 3.370516 -0.084666
v 3.202360 3.370516 0.084657
v 0.149889 3.670291 0.084657
v -0.149885 3.670291 0.084657
v -0.149885 3.670291 -0.084665
v -0.149886 5.326072 0.084657
v -0.149886 5.326072 -0.084665
v 0.149889 3.670291 -0.084665
v 0.149888 5.326072 -0.084665
v 0.149888 5.326072 0.084657
v 4.165289 3.503154 -2.861230
v 4.165289 3.503154 -2.580772
v 4.086892 3.370522 -2.580772
v 0.078401 5.918878 -2.580772
v 0.000001 5.786246 -2.580772
v 4.086892 3.370522 -2.861230
v 0.000001 5.786247 -2.861230
v 0.078401 5.918878 -2.861230
v 4.165288 3.503153 5.301761
v 4.165288 3.503153 5.582219
v 4.086891 3.370522 5.582219
v 0.078400 5.918878 5.582219
v 0.000001 5.786246 5.582219
v 4.086891 3.370522 5.301761
v 0.000001 5.786246 5.301761
v 0.078400 5.918878 5.301761
v 4.165289 3.503154 -5.582231
v 4.165289 3.503154 -5.301773
v 4.086892 3.370522 -5.301773
v 0.078401 5.918878 -5.301773
v 0.000001 5.786247 -5.301773
v 4.086892 3.370522 -5.582231
v 0.000001 5.786247 -5.582231
v 0.078401 5.918879 -5.582231
v 4.165288 3.503154 -0.140233
v 4.165288 3.503154 0.140225
v 4.086891 3.370522 0.140225
v 0.078400 5.918879 0.140225
v 0.000001 5.786247 0.140225
v 4.086891 3.370522 -0.140233
v 0.000001 5.786247 -0.140234
v 0.078400 5.918879 -0.140234
v 4.165288 3.503154 2.580763
v 4.165288 3.503154 2.861222
v 4.086892 3.370522 2.861222
v 0.078400 5.918879 2.861222
v 0.000001 5.786247 2.861222
v 4.086891 3.370522 2.580763
v 0.000001 5.786247 2.580763
v 0.078400 5.918879 2.580763
v -4.165287 3.503153 -2.861230
v -4.165286 3.503153 -2.580772
v -4.086889 3.370522 -2.580772
v -0.078399 5.918878 -2.580772
v -4.086889 3.370522 -2.861230
v -0.078399 5.918878 -2.861230
v -4.165286 3.503153 5.301759
v -4.165286 3.503153 5.582218
v -4.086888 3.370521 5.582218
v -0.078398 5.918877 5.582219
v -4.086888 3.370521 5.301759
v -0.078398 5.918877 5.301761
v -4.165286 3.503153 -5.582231
v -4.165286 3.503153 -5.301772
v -4.086889 3.370522 -5.301772
v -0.078399 5.918878 -5.301773
v -4.086889 3.370522 -5.582231
v -0.078399 5.918878 -5.582231
v -4.165286 3.503153 -0.140233
v -4.165286 3.503153 0.140225
v -4.086889 3.370522 0.140225
v -0.078399 5.918878 0.140225
v -4.086889 3.370522 -0.140233
v -0.078398 5.918878 -0.140234
v -4.165286 3.503152 2.580763
v -4.165286 3.503153 2.861222
v -4.086889 3.370522 2.861222
v -0.078398 5.918878 2.861221
v -4.086889 3.370522 2.580763
v -0.078398 5.918878 2.580763
v -3.572825 0.000000 4.976727
v 3.572826 -0.000000 4.976726
v 3.572826 0.481522 4.976727
v -3.572825 0.481523 4.976726
v 3.572826 0.481522 -4.976726
v -3.572825 0.481522 -4.976726
v 3.572826 -0.000001 -4.976726
v -3.572825 -0.000001 -4.976726
v 3.202361 0.481521 4.587013
v -0.405418 7.029632 -4.538864
v 0.405419 7.029633 -4.538864
v 0.405419 7.029632 -5.449452
v -0.405418 7.029632 -5.449452
v -0.405418 6.942211 -4.538864
v 0.405420 6.942210 -4.538864
v -0.405418 6.942210 -5.449452
v 0.405419 6.942210 -5.449452
v -5.224887 0.240762 0.253005
v -5.224886 0.240762 3.863077
v -4.778165 0.240761 3.863077
v -5.224887 0.000000 3.863077
v -4.778164 -0.000000 3.863076
v -4.778165 0.240763 0.253004
v -4.778165 -0.000000 0.253005
v -5.224887 -0.000000 0.253005
v -4.778164 0.481525 0.253004
v -4.778164 0.481525 3.863077
v -3.572826 0.481525 3.863076
v -3.572826 0.000000 3.863077
v -3.572826 0.481525 0.253004
v -3.572826 -0.000000 0.253004
v 0.945645 0.769806 -3.998639
v 0.945644 0.769806 -5.989676
v -0.945643 0.769806 -5.989676
v -0.945643 0.769806 -3.998639
v 1.083601 0.481520 -3.853406
v 1.083601 0.481520 -6.134909
v -1.083600 -0.000005 -6.134909
v -1.083601 -0.000004 -3.853403
v 1.083601 -0.000004 -6.134909
v 1.083601 -0.000004 -3.853403
v -1.083600 0.481520 -6.134909
v -1.083600 0.481520 -3.853406
v 1.083601 0.769806 -3.853406
v 1.083601 0.769805 -6.134909
v -1.083600 0.769806 -6.134909
v -1.083600 0.769806 -3.853407
v -3.385182 2.480722 -4.379901
v -3.385182 2.980375 -4.379902
v -3.440302 2.480722 -2.616225
v -3.440295 2.978676 -2.616465
v -3.214266 2.480722 -4.374560
v -3.214266 2.980375 -4.374560
v -3.269386 2.480722 -2.610883
v -3.269379 2.978676 -2.611124
v 2.991525 1.053573 -4.795152
v 2.991525 1.553226 -4.795152
v -3.044343 1.053573 -4.795152
v -3.044102 1.551527 -4.795152
v 2.985844 1.053573 -4.547324
v 2.985844 1.553226 -4.547324
v -3.050024 1.053573 -4.547324
v -3.049783 1.551527 -4.547324
v 2.990802 2.031389 -4.860286
v 2.990802 2.531042 -4.860286
v -3.044976 2.031389 -4.778660
v -3.044735 2.529343 -4.778662
v 2.986476 2.031389 -4.563816
v 2.986477 2.531041 -4.563816
v -3.049301 2.031389 -4.530806
v -3.049060 2.529342 -4.530807
v 1.258617 2.031389 -4.802197
v 1.258686 2.530554 -4.802197
v 1.254292 2.031389 -4.554342
v 1.254361 2.530554 -4.554343
v -1.879071 2.566707 -4.790430
v -1.883396 2.566707 -4.542574
v -1.879225 2.031389 -4.790429
v -1.883551 2.031389 -4.542573
v 3.202363 0.481522 1.928996
v 3.202364 3.670293 2.967200
v 3.202364 3.670293 1.928996
v 3.202363 3.370520 2.967200
v 3.202362 3.370520 1.928996
v 3.373362 2.966650 2.034110
v 3.373363 2.966650 2.862088
v 3.202363 2.966650 2.862088
v 3.202363 2.966650 2.034110
v 3.552983 3.370519 2.967203
v 3.373362 1.718342 2.034110
v 3.202363 1.718343 2.034110
v 3.202363 1.718342 2.862088
v 3.202363 0.481522 2.967201
v 3.373363 1.718342 2.862087
v 3.373362 0.481521 1.928995
v 3.404886 2.966650 2.034110
v 3.404887 2.966650 2.862088
v 3.404886 1.718343 2.034110
v 3.404886 1.718343 2.862087
v 3.404887 2.908250 2.091447
v 3.404887 2.908250 2.804751
v 3.170838 2.908250 2.804751
v 3.170838 2.908250 2.091446
v 3.404886 1.776743 2.091446
v 3.170838 1.776743 2.091446
v 3.404887 1.776743 2.804751
v 3.170838 1.776743 2.804751
v 3.301650 1.776743 2.418883
v 3.243218 1.776743 2.418883
v 3.243218 2.908250 2.418883
v 3.301650 2.908250 2.418883
v 3.243218 2.908250 2.477314
v 3.301650 2.908250 2.477314
v 3.243218 1.776743 2.477314
v 3.301650 1.776743 2.477314
v 3.309977 2.313281 2.826691
v 3.234891 2.313281 2.826691
v 3.234892 2.313281 2.069506
v 3.309977 2.313281 2.069506
v 3.234892 2.371712 2.069506
v 3.309977 2.371712 2.069506
v 3.234891 2.371712 2.826691
v 3.309977 2.371712 2.826691
v 3.170838 2.966650 2.034110
v 3.170838 2.966650 2.862088
v 3.170838 1.718343 2.034110
v 3.170837 1.718343 2.862088
v -3.202358 0.481520 -1.143366
v -3.202358 3.670291 -2.181570
v -3.202358 3.670291 -1.143366
v -3.202357 3.370518 -2.181570
v -3.202357 3.370518 -1.143366
v -3.373357 2.966648 -1.248480
v -3.373358 2.966648 -2.076458
v -3.202358 2.966648 -2.076458
v -3.202357 2.966648 -1.248480
v -3.552978 3.370518 -1.143366
v -3.552978 3.683356 -1.143366
v -3.552978 3.683356 -2.181572
v -3.552978 3.370518 -2.181572
v -3.373357 1.718341 -1.248480
v -3.202357 1.718341 -1.248480
v -3.373356 3.370518 -1.143366
v -3.373358 3.370518 -2.181572
v -3.202357 1.718341 -2.076458
v -3.202358 0.481520 -2.181571
v -3.373358 1.718341 -2.076458
v -3.373358 0.481520 -2.181572
v -3.373356 0.481520 -1.143366
v -3.404881 2.966648 -1.248480
v -3.404881 2.966648 -2.076458
v -3.404881 1.718341 -1.248480
v -3.404881 1.718341 -2.076458
v -3.404881 2.908248 -1.305817
v -3.404881 2.908248 -2.019121
v -3.170832 2.908248 -2.019121
v -3.170833 2.908248 -1.305817
v -3.404881 1.776741 -1.305817
v -3.170832 1.776741 -1.305817
v -3.404881 1.776741 -2.019121
v -3.170832 1.776741 -2.019121
v -3.301645 1.776741 -1.633253
v -3.243213 1.776741 -1.633253
v -3.243213 2.908248 -1.633253
v -3.301644 2.908248 -1.633253
v -3.243213 2.908248 -1.691685
v -3.301644 2.908248 -1.691685
v -3.243213 1.776741 -1.691685
v -3.301645 1.776741 -1.691685
v -3.309972 2.313279 -2.041062
v -3.234886 2.313279 -2.041062
v -3.234886 2.313279 -1.283877
v -3.309972 2.313279 -1.283877
v -3.234886 2.371710 -1.283877
v -3.309972 2.371710 -1.283877
v -3.234886 2.371710 -2.041062
v -3.309972 2.371710 -2.041062
v -3.170832 2.966648 -1.248480
v -3.170832 2.966648 -2.076458
v -3.170832 1.718341 -1.248480
v -3.170832 1.718341 -2.076458
v -3.474403 2.609173 1.062433
v -3.474402 2.609173 1.148886
v -3.474402 2.458114 1.148886
v -3.624430 2.824139 1.148886
v -3.729856 2.824139 1.148886
v -3.474402 2.458114 1.062433
v -3.729855 2.824139 1.062433
v -3.624429 2.824139 1.062433
v -3.474402 2.910591 1.049109
v -3.474402 2.910591 1.162209
v -3.474402 2.824138 1.162209
v -3.855089 2.910591 1.162208
v -3.855089 2.824139 1.162208
v -3.474402 2.824138 1.049109
v -3.855088 2.824139 1.049109
v -3.855088 2.910591 1.049109
v -4.177201 2.727718 1.105659
v -4.177201 3.006432 1.105659
v -3.855092 2.727718 1.105659
v -3.855092 3.006432 1.105658
v -2.878538 2.607574 1.010217
v -2.878539 2.607574 1.201093
v -2.762936 2.607574 1.201093
v -2.762936 2.049954 1.201093
v -2.762936 2.607574 1.010217
v -2.762936 2.049954 1.010217
v -2.878538 2.191031 1.010217
v -2.878539 2.191031 1.201093
v -3.047061 2.191031 1.010217
v -3.047061 2.049954 1.010217
v -3.047061 2.049954 1.201093
v -3.047061 2.191031 1.201093
v -3.047062 2.204696 1.251311
v -3.047062 1.896881 1.251311
v -3.047062 2.204696 0.959999
v -3.047062 1.896881 0.959999
v -3.013851 2.204696 1.251311
v -3.013851 2.204696 0.959999
v -3.013851 1.896881 1.251311
v -3.013851 1.896881 0.959999
v -3.477015 2.002841 -1.185513
v -3.477015 1.871517 -1.178552
v -3.404885 1.871517 -1.178552
v -3.477015 1.820097 -2.148667
v -3.404886 1.820097 -2.148667
v -3.404885 2.002841 -1.185513
v -3.404886 1.951421 -2.155627
v -3.477015 1.951421 -2.155627
v -3.459311 2.203503 -1.159893
v -3.459311 2.016390 -1.176792
v -3.404885 2.016390 -1.176792
v -3.459311 2.103774 -2.144331
v -3.404886 2.103774 -2.144331
v -3.404885 2.203503 -1.159893
v -3.404886 2.290886 -2.127431
v -3.459311 2.290886 -2.127431
v -3.477015 2.542468 -1.185511
v -3.477015 2.342348 -1.174903
v -3.404885 2.342348 -1.174903
v -3.477015 2.290927 -2.145018
v -3.404886 2.290927 -2.145018
v -3.404885 2.542468 -1.185511
v -3.404886 2.491048 -2.155625
v -3.477015 2.491048 -2.155625
v -3.459311 2.768400 -1.159893
v -3.459311 2.581288 -1.176792
v -3.404885 2.581288 -1.176792
v -3.459311 2.668672 -2.144331
v -3.404886 2.668672 -2.144331
v -3.404885 2.768400 -1.159893
v -3.404886 2.855784 -2.127432
v -3.459311 2.855784 -2.127432
v -3.545260 2.778369 -1.531189
v -3.545260 2.703556 -1.358854
v -3.490835 2.703556 -1.358854
v -3.545260 1.812427 -1.745709
v -3.490836 1.812427 -1.745709
v -3.490836 2.778369 -1.531189
v -3.490835 1.887241 -1.918044
v -3.545260 1.887241 -1.918044
v 3.477017 1.924585 1.993165
v 3.477017 1.775608 1.995641
v 3.404887 1.775608 1.995641
v 3.477017 1.791747 2.967021
v 3.404887 1.791747 2.967021
v 3.404887 1.924585 1.993166
v 3.404887 1.940723 2.964546
v 3.477017 1.940723 2.964546
v 3.459312 2.149442 1.953218
v 3.459312 1.939232 1.983495
v 3.404887 1.939232 1.983495
v 3.459312 2.112072 2.942351
v 3.404887 2.112072 2.942351
v 3.404887 2.149442 1.953218
v 3.404887 2.322282 2.912074
v 3.459312 2.322282 2.912074
v 3.477017 2.534555 1.954462
v 3.477017 2.307536 1.958233
v 3.404887 2.307536 1.958233
v 3.477017 2.323675 2.929614
v 3.404887 2.323675 2.929614
v 3.404887 2.534555 1.954462
v 3.404887 2.550694 2.925843
v 3.477017 2.550694 2.925843
v 3.459312 2.787979 1.912704
v 3.459312 2.577769 1.942981
v 3.404887 2.577769 1.942981
v 3.459312 2.750608 2.901837
v 3.404887 2.750608 2.901837
v 3.404887 2.787979 1.912705
v 3.404887 2.960818 2.871561
v 3.459312 2.960818 2.871561
v 3.545263 2.827670 2.282358
v 3.545262 2.729911 2.115819
v 3.490837 2.729911 2.115819
v 3.545262 1.752231 2.565620
v 3.490837 1.752231 2.565620
v 3.490837 2.827670 2.282358
v 3.490837 1.849990 2.732159
v 3.545262 1.849990 2.732159
v -2.878539 2.607573 2.914990
v -2.878539 2.607573 3.105867
v -2.762936 2.607573 3.105867
v -2.762937 2.049954 3.105867
v -2.762937 2.607573 2.914990
v -2.762937 2.049954 2.914990
v -2.878539 2.191031 2.914990
v -2.878539 2.191031 3.105867
v -3.047062 2.191031 2.914990
v -3.047062 2.049954 2.914990
v -3.047062 2.049954 3.105867
v -3.047062 2.191031 3.105867
v -3.137303 2.204696 3.156085
v -3.137303 1.896881 3.156085
v -3.137303 2.204696 2.864772
v -3.137304 1.896881 2.864772
v -3.013851 2.204696 3.156085
v -3.013852 2.204696 2.864773
v -3.013852 1.896881 3.156085
v -3.013852 1.896881 2.864772
v 0.733723 1.053573 -4.795152
v -0.786541 1.053573 -4.795151
v -0.786421 1.552162 -4.795151
v 0.733843 1.552590 -4.795152
v -0.792222 1.053573 -4.547324
v 0.728042 1.053573 -4.547324
v 0.728162 1.552590 -4.547324
v -0.792101 1.552162 -4.547324
v -0.667685 2.555533 -4.546211
v 0.617226 2.541728 -4.550705
v -0.663047 2.555534 -4.794066
v 0.621864 2.541728 -4.798560
v 0.617108 2.031389 -4.550704
v -0.667808 2.031389 -4.546210
v -0.663169 2.031389 -4.794065
v 0.621746 2.031389 -4.798560
v 3.373363 0.481520 -4.758013
v -3.373358 0.481520 -4.758013
v -3.373358 3.370518 -4.758013
v 3.373363 3.370518 -4.758013
v 0.000002 3.370518 -4.758013
v 3.373363 2.219436 -4.758013
v -3.373358 2.219436 -4.758013
v -0.607196 0.481520 -4.758013
v 0.607199 0.481520 -4.758013
v 0.607199 2.721374 -4.758013
v -0.607196 2.721374 -4.758013
v 0.000002 2.639158 -4.758013
v -3.202359 3.370518 -4.587015
v -3.202359 0.481521 -4.587011
v 3.202361 0.481521 -4.587011
v 3.202362 3.370518 -4.587015
v 0.000001 3.370518 -4.587015
v -3.202359 2.219436 -4.587013
v 3.202361 2.219436 -4.587013
v 0.607199 0.481521 -4.587011
v -0.607196 0.481521 -4.587011
v -0.607196 2.721375 -4.587013
v 0.607199 2.721375 -4.587013
v 0.000001 2.728898 -4.587014
v 0.945645 2.721374 -3.998638
v -0.945643 2.721374 -3.998638
v 0.945645 0.769806 -3.998638
v -0.945642 0.769806 -3.998638
v 0.607199 2.219435 -3.998638
v -0.607196 2.219435 -3.998638
v -0.607196 1.108253 -3.998638
v 0.607199 1.108253 -3.998638
v 0.607199 1.108253 -5.723724
v 0.607199 2.219435 -5.723724
v -0.607196 1.108253 -5.723724
v -0.607196 2.219435 -5.723724
v 0.491269 2.219435 -4.114567
v -0.491266 2.219435 -4.114568
v -0.491267 2.219435 -5.607795
v 0.491269 2.219435 -5.607794
v 0.403083 2.581412 -4.248589
v -0.403081 2.581412 -4.248589
v 0.403083 2.581412 -5.473772
v -0.403081 2.581412 -5.473773
v -0.110772 1.674099 -4.971039
v 0.057114 1.674099 -5.065022
v 0.034857 1.602397 -5.104781
v 0.449373 1.163785 -4.364308
v 0.427116 1.092083 -4.404067
v -0.133029 1.602397 -5.010798
v 0.259230 1.092083 -4.310084
v 0.281487 1.163785 -4.270325
v 0.331033 1.674100 -4.817723
v 0.331033 1.674100 -4.625321
v 0.376598 1.602398 -4.625321
v -0.472003 1.163786 -4.625321
v -0.426438 1.092085 -4.625321
v 0.376598 1.602398 -4.817723
v -0.426438 1.092085 -4.817723
v -0.472003 1.163786 -4.817723
v -0.121210 1.674100 -4.631832
v -0.258460 1.674100 -4.766668
v -0.290392 1.602398 -4.734165
v 0.304313 1.163787 -5.339516
v 0.272381 1.092085 -5.307012
v -0.153142 1.602398 -4.599328
v 0.409631 1.092085 -5.172176
v 0.441563 1.163787 -5.204680
v 0.037292 1.175205 -5.338068
v 0.222867 1.186119 -5.288457
v 0.227045 1.101320 -5.285431
v -0.023941 1.206741 -4.369790
v -0.019763 1.121943 -4.366764
v 0.041470 1.090407 -5.335042
v -0.205338 1.111029 -4.416376
v -0.209516 1.195827 -4.419402
v -3.435378 2.037638 1.420198
v -3.435378 2.037638 1.571950
v -3.262624 2.037638 1.571950
v -3.435378 1.866212 1.571950
v -3.262624 1.866212 1.571950
v -3.262624 2.037638 1.420198
v -3.262624 1.866212 1.420198
v -3.435378 1.866212 1.420198
v -3.384392 1.997006 1.535981
v -3.303998 1.997006 1.535981
v -3.303998 1.906844 1.535981
v -3.384392 1.906844 1.535981
v -3.303998 1.906844 1.456167
v -3.384392 1.906844 1.456167
v -3.384392 1.997006 1.456167
v -3.303998 1.997006 1.456167
v -3.510916 2.037638 1.420198
v -3.510916 1.866212 1.420198
v -3.510916 2.037638 1.571950
v -3.510916 1.866212 1.571950
v -3.565496 1.908087 1.462073
v -3.565496 1.908087 1.530074
v -3.565496 1.995762 1.530074
v -3.565496 1.995762 1.462073
v -3.221595 3.366905 1.319320
v -3.221595 3.366905 2.796752
v -3.081401 3.366905 2.796752
v -3.221595 0.536944 2.796752
v -3.081401 0.536944 2.796752
v -3.081401 3.366905 1.319320
v -3.081401 0.536944 1.319320
v -3.221595 0.536944 1.319320
v -3.221595 1.951925 1.319320
v -3.081401 1.951925 2.796752
v -3.081401 1.951925 1.319320
v -3.221595 1.951925 2.796752
v -3.221595 2.056161 1.487570
v -3.221595 2.056161 2.628502
v -3.221595 3.262669 2.628502
v -3.221595 3.262669 1.487570
v -3.221595 0.641180 1.487570
v -3.221595 0.641180 2.628502
v -3.221595 1.847689 2.628502
v -3.221595 1.847689 1.487570
v -3.165693 2.056161 2.628502
v -3.165692 2.056161 1.487570
v -3.165692 3.262669 1.487570
v -3.165693 3.262669 2.628502
v -3.165692 0.641180 1.487570
v -3.165693 0.641180 2.628502
v -3.165692 1.847689 1.487570
v -3.165693 1.847689 2.628502
v -3.081401 2.056161 1.487570
v -3.081401 2.056161 2.628502
v -3.081401 3.262669 2.628502
v -3.081401 3.262669 1.487570
v -3.081401 0.641180 1.487570
v -3.081401 0.641180 2.628502
v -3.081401 1.847689 2.628502
v -3.081401 1.847689 1.487570
v -3.137303 2.056161 2.628502
v -3.137303 2.056161 1.487570
v -3.137303 3.262669 1.487570
v -3.137303 3.262669 2.628502
v -3.137303 0.641180 1.487570
v -3.137303 0.641180 2.628502
v -3.137303 1.847689 1.487570
v -3.137303 1.847689 2.628502
v -3.262624 2.193782 1.364640
v -3.262624 2.193782 1.627509
v -3.165692 2.193782 1.627509
v -3.262624 1.710068 1.627509
v -3.165692 1.710068 1.627509
v -3.165692 2.193782 1.364640
v -3.165692 1.710068 1.364640
v -3.262624 1.710068 1.364640
v -3.040371 2.193782 1.627507
v -3.040371 2.193782 1.364638
v -3.137304 2.193782 1.364638
v -3.040371 1.710068 1.364638
v -3.137304 1.710068 1.364638
v -3.137304 2.193782 1.627507
v -3.137304 1.710068 1.627507
v -3.040371 1.710068 1.627507
v -2.867617 2.037638 1.571949
v -2.867617 2.037638 1.420198
v -3.040371 2.037638 1.420198
v -2.867617 1.866212 1.420198
v -3.040371 1.866212 1.420198
v -3.040371 2.037638 1.571950
v -3.040371 1.866212 1.571950
v -2.867617 1.866212 1.571949
v -2.918604 1.997006 1.456167
v -2.998997 1.997006 1.456167
v -2.998997 1.906844 1.456167
v -2.918604 1.906844 1.456167
v -2.998997 1.906844 1.535981
v -2.918604 1.906844 1.535981
v -2.918604 1.997006 1.535981
v -2.998997 1.997006 1.535981
v -2.792080 2.037638 1.571950
v -2.792080 1.866212 1.571950
v -2.792080 2.037638 1.420198
v -2.792080 1.866212 1.420198
v -2.737500 1.908087 1.530074
v -2.737500 1.908087 1.462073
v -2.737500 1.995762 1.462073
v -2.737500 1.995762 1.530074
v -3.205454 3.357587 2.589368
v -3.205454 3.221538 2.725417
v -3.165693 3.221538 2.725417
v -3.205454 2.038898 1.542777
v -3.165692 2.038898 1.542777
v -3.165693 3.357587 2.589368
v -3.165692 2.174947 1.406728
v -3.205454 2.174947 1.406728
v -3.205454 1.904184 2.578046
v -3.205454 1.768135 2.714095
v -3.165693 1.768135 2.714095
v -3.205454 0.585495 1.531455
v -3.165692 0.585495 1.531455
v -3.165693 1.904184 2.578046
v -3.165692 0.721543 1.395406
v -3.205454 0.721543 1.395406
v -2.878539 2.607573 1.962598
v -2.878539 2.607573 2.153474
v -2.762936 2.607573 2.153474
v -2.762936 2.049954 2.153474
v -2.762936 2.607573 1.962598
v -2.762937 2.049954 1.962598
v -2.878539 2.191031 1.962598
v -2.878539 2.191031 2.153474
v -3.047062 2.191031 1.962598
v -3.047062 2.049953 1.962598
v -3.047062 2.049953 2.153474
v -3.047062 2.191031 2.153474
v -3.137303 2.204696 2.203692
v -3.137303 1.896881 2.203692
v -3.137303 2.204696 1.912380
v -3.137304 1.896881 1.912380
v -3.013851 2.204696 2.203692
v -3.013852 2.204696 1.912380
v -3.013852 1.896881 2.203692
v -3.013852 1.896881 1.912380
v -3.047062 2.470360 3.198347
v -3.047062 2.204697 3.198347
v -2.906868 2.204697 3.198347
v -3.047062 2.204696 0.271390
v -2.906868 2.204696 0.271390
v -2.906868 2.470360 3.198347
v -2.906868 2.470360 0.271390
v -3.047062 2.470360 0.271390
vn 0.0017 -1.0000 0.0011
vn 0.0022 -1.0000 0.0021
vn 0.0023 -1.0000 0.0021
vn -0.0000 1.0000 -0.0000
vn 0.0003 -1.0000 -0.0003
vn -0.0000 -1.0000 -0.0000
vn 0.0018 -1.0000 0.0011
vn -0.0000 -0.0000 1.0000
vn -0.0000 -0.0000 -1.0000
vn -0.0000 0.8292 -0.5589
vn -0.0000 0.4588 -0.8885
vn -0.0501 0.6927 0.7195
vn -0.1487 0.9725 -0.1793
vn -0.0000 -1.0000 -0.0007
vn 0.5505 0.8348 -0.0000
vn 0.9002 0.4354 -0.0000
vn -0.5505 0.8348 -0.0000
vn -0.9002 0.4354 -0.0000
vn -1.0000 -0.0000 -0.0000
vn 1.0000 -0.0000 -0.0000
vn -0.0340 -0.0552 -0.9979
vn 0.2018 0.1166 0.9725
vn 0.3015 0.3015 0.9045
vn -0.2650 0.5458 0.7949
vn 0.7071 -0.7071 -0.0000
vn -0.2075 -0.9532 -0.2200
vn -0.7071 -0.7071 -0.0000
vn 0.2075 -0.9532 0.2200
vn 0.2075 -0.9532 -0.2200
vn -0.2075 -0.9532 0.2200
vn 0.5731 -0.5759 0.5830
vn 1.0000 -0.0000 -0.0056
vn 0.5756 0.5776 -0.5788
vn 0.5731 0.5758 0.5832
vn 0.5648 -0.5765 -0.5904
vn 0.5648 0.5764 -0.5906
vn 0.5883 0.5779 0.5655
vn 0.9999 -0.0000 -0.0141
vn 0.5828 -0.5687 0.5805
vn 0.5746 0.5787 0.5787
vn 0.0046 0.7063 0.7079
vn 0.0065 -0.0000 1.0000
vn -0.0000 -0.7085 -0.7058
vn -0.5833 -0.5786 0.5701
vn -0.0000 -0.7072 -0.7070
vn 0.5844 -0.5762 -0.5713
vn 0.5847 0.5760 -0.5713
vn 0.5702 0.5784 0.5833
vn 0.5700 -0.5786 0.5834
vn -0.5774 0.5774 -0.5774
vn -0.0000 0.7071 -0.7071
vn -0.7071 -0.0000 -0.7071
vn -0.5623 -0.5778 -0.5916
vn -0.9995 -0.0000 -0.0312
vn -0.5922 0.5767 0.5628
vn -0.5622 0.5778 -0.5917
vn -0.5575 0.5783 0.5956
vn 0.5966 0.5764 0.5584
vn 0.5574 0.5782 -0.5958
vn -0.5966 0.5763 -0.5585
vn -0.0023 0.7070 -0.7072
vn 0.0023 0.7072 0.7071
vn -0.0046 0.7079 -0.7063
vn 0.6087 -0.3598 -0.7071
vn -0.0000 0.4535 -0.8912
vn -0.2032 0.7908 -0.5774
vn 0.7908 0.2032 -0.5774
vn 0.2032 0.7908 0.5774
vn 0.2032 0.7908 -0.5774
vn -0.7908 0.2032 -0.5773
vn -0.7908 0.2032 0.5774
vn -0.5870 -0.5787 -0.5662
vn -1.0000 -0.0000 0.0055
vn -0.5689 0.5763 0.5867
vn -0.5869 0.5785 -0.5664
vn -0.0000 0.7071 0.7071
vn 0.5762 0.5742 -0.5816
vn -0.5802 0.5736 -0.5782
vn -0.5806 0.5823 0.5691
vn 0.5722 0.5791 0.5807
vn 0.0179 -0.7098 0.7042
vn 0.0181 -0.7027 0.7113
vn 0.1988 0.7919 0.5774
vn -0.7919 0.1988 0.5773
vn -0.1988 -0.7919 0.5774
vn 0.7919 -0.1988 0.5774
vn -0.2024 0.7905 -0.5781
vn 0.7908 0.2032 -0.5773
vn -0.3595 -0.6083 -0.7076
vn -0.3599 -0.6088 -0.7070
vn 0.5952 -0.5772 -0.5591
vn 0.5951 0.5772 -0.5592
vn 0.5590 0.5774 0.5951
vn 0.9995 -0.0000 0.0312
vn 0.5922 -0.5766 -0.5629
vn 0.5921 0.5766 -0.5629
vn 0.5622 0.5780 0.5915
vn 0.5762 0.5775 -0.5783
vn -0.5774 0.5774 -0.5773
vn -0.5826 0.5783 0.5711
vn 0.5732 0.5760 0.5829
vn -0.0000 0.4180 0.9085
vn -0.5825 -0.5783 -0.5712
vn -1.0000 -0.0000 -0.0022
vn -0.5723 0.5761 0.5836
vn -0.5823 0.5785 -0.5712
vn 0.5724 -0.5758 -0.5838
vn 0.0153 -0.7129 0.7011
vn 0.0155 -0.7021 0.7119
vn -0.5583 -0.5783 -0.5949
vn 0.5960 -0.5758 -0.5596
vn -0.0137 -0.7129 0.7011
vn -0.0140 -0.7021 0.7119
vn 0.6087 -0.3598 0.7071
vn 0.7908 0.2032 0.5774
vn -0.2032 0.7908 0.5774
vn -0.0000 0.4535 0.8912
vn 0.5959 0.5760 -0.5596
vn 0.5582 0.5786 0.5946
vn 0.9990 -0.0000 0.0436
vn 0.5722 0.5760 -0.5838
vn 0.5824 0.5786 0.5710
vn 1.0000 -0.0000 0.0022
vn 0.0117 -0.9999 0.0002
vn 0.5882 -0.5660 -0.5776
vn 0.0111 -0.9999 0.0002
vn -0.5582 0.5785 -0.5948
vn -0.5959 0.5761 0.5594
vn -0.5703 0.5784 -0.5832
vn -0.5833 0.5784 0.5703
vn -0.5701 0.5786 -0.5833
vn -0.5845 0.5762 0.5713
vn -0.0040 0.7071 -0.7071
vn 0.0138 0.7102 0.7038
vn 0.0033 0.7073 0.7069
vn -0.0033 0.7069 -0.7073
vn 0.5735 -0.5725 0.5860
vn -0.5818 -0.5756 0.5746
vn -0.0069 -0.0000 -1.0000
vn -0.0049 0.7078 -0.7064
vn 0.5803 0.5758 -0.5759
vn -0.0065 -0.0000 -1.0000
vn -0.5744 0.5782 -0.5794
vn -0.5735 0.5747 0.5838
vn 0.0130 0.7104 0.7037
vn -0.0032 0.7069 -0.7073
vn -0.7908 0.2032 -0.5774
vn -0.6087 -0.3598 -0.7071
vn 0.0049 0.7064 0.7078
vn 0.0184 -0.0000 0.9998
vn 0.0331 -0.0000 0.9995
vn -0.0056 -0.0000 -1.0000
vn -0.0055 -0.0000 -1.0000
vn -0.5742 0.5784 -0.5794
vn -0.7017 -0.7123 -0.0161
vn 0.0003 -1.0000 -0.0000
vn -0.7120 -0.7020 -0.0163
vn 0.0069 -0.0000 1.0000
vn 0.2024 0.7905 -0.5781
vn -0.7934 0.2021 0.5742
vn 0.2020 0.7889 0.5803
vn 0.5732 -0.5762 0.5826
vn 1.0000 -0.0000 -0.0038
vn -0.0000 -0.7080 -0.7062
vn -0.5827 -0.5785 0.5709
vn -0.7919 0.1988 -0.5774
vn 0.1988 0.7919 0.5773
vn 0.1988 0.7919 -0.5774
vn -0.0138 -0.7101 0.7040
vn -0.0139 -0.7048 0.7093
vn -1.0000 -0.0000 0.0074
vn 0.0167 -0.7116 0.7024
vn -0.5967 -0.5762 -0.5585
vn 0.5575 -0.5782 -0.5957
vn 0.0169 -0.7032 0.7108
vn -0.0001 -0.7123 -0.7019
vn -0.0001 -0.7093 -0.7049
vn -0.0000 -0.7071 0.7071
vn 0.8609 -0.5088 -0.0000
vn 0.8281 0.1911 -0.5270
vn 0.8166 0.2271 0.5307
vn 0.2184 -0.7579 0.6147
vn -0.1914 0.8218 0.5366
vn -0.1694 0.7619 -0.6251
vn -0.2869 -0.6895 -0.6650
vn -0.7640 -0.1753 0.6209
vn -0.2425 -0.6353 -0.7331
vn 0.7640 -0.1753 0.6209
vn -0.2184 -0.7579 0.6147
vn 0.2869 -0.6895 -0.6650
vn 0.2426 -0.6353 -0.7331
vn 0.5774 0.5774 0.5774
vn 0.5773 -0.5774 0.5774
vn 0.7071 0.7071 -0.0000
vn 0.8609 0.5088 -0.0029
vn 0.7891 -0.2043 0.5794
vn 0.7934 0.2021 0.5742
vn 0.2050 -0.7934 0.5732
vn -0.0049 -0.0000 -1.0000
vn -0.2020 0.7889 0.5803
vn 0.5774 0.5774 0.5773
vn -0.5773 0.5773 0.5774
vn -0.5773 -0.5774 0.5774
vn 0.5774 -0.5774 0.5773
vn -0.0000 0.9986 -0.0529
vn 0.1631 -0.8648 0.4749
vn 0.7757 0.2087 -0.5956
vn 0.7387 0.1352 0.6603
vn 0.5103 -0.7257 0.4615
vn -0.5103 -0.7257 0.4615
vn -0.4062 -0.5317 -0.7432
vn -0.4263 -0.5660 -0.7056
vn -0.8115 -0.3231 0.4869
vn -0.2952 0.7819 -0.5490
vn -0.3017 0.6991 0.6483
vn 0.8109 -0.3129 0.4946
vn 0.9419 0.3360 -0.0027
vn 0.2890 0.7838 -0.5497
vn 0.2953 0.7056 0.6442
vn 0.1645 -0.8605 0.4821
vn 0.7427 0.1407 0.6547
vn -0.8109 -0.3129 0.4946
vn -0.2953 0.7056 0.6442
vn -0.2890 0.7838 -0.5497
vn -0.9419 0.3360 -0.0027
vn -0.8166 0.2271 0.5307
vn -0.8281 0.1911 -0.5270
vn -0.8609 -0.5088 -0.0000
vn -0.4078 -0.5344 -0.7404
vn -0.8610 0.5087 -0.0030
vn 0.8610 0.5087 -0.0030
vn 0.1694 0.7619 -0.6252
vn 0.1914 0.8218 0.5366
vn 0.0033 -0.0000 1.0000
vn 0.7919 0.1988 0.5773
vn 0.1988 -0.7919 0.5774
vn 0.1988 -0.7919 -0.5774
vn 0.7919 0.1988 -0.5774
vn -0.8609 0.5088 -0.0029
vn -0.7891 -0.2043 0.5794
vn -0.9990 -0.0000 -0.0436
vn 0.3599 -0.6088 -0.7070
vn -0.2050 -0.7933 0.5732
vn 0.3595 -0.6083 -0.7076
vn -0.6087 -0.3598 0.7071
vn 0.8115 -0.3231 0.4869
vn 0.9471 0.3210 -0.0027
vn 0.2952 0.7819 -0.5490
vn 0.3017 0.6991 0.6483
vn 0.4078 -0.5344 -0.7404
vn -0.1645 -0.8605 0.4821
vn 0.4263 -0.5660 -0.7056
vn -0.7757 0.2087 -0.5956
vn -0.7427 0.1407 0.6547
vn -0.7387 0.1352 0.6603
vn -0.1631 -0.8648 0.4749
vn -0.9471 0.3210 -0.0027
vn 0.4062 -0.5317 -0.7432
vn -0.0000 -0.8624 0.5062
vn -0.0000 -0.9841 0.1774
vn 0.7919 0.1988 -0.5773
vn -0.7919 -0.1988 -0.5774
vn -0.7919 -0.1988 0.5774
vn -0.1988 -0.7919 -0.5774
vn 0.0492 -0.9982 0.0356
vn 0.4123 -0.5363 0.7365
vn 0.7919 -0.1988 -0.5774
vn -0.0000 0.0529 0.9986
vn 0.5773 0.5773 0.5774
vn -0.5774 0.5773 0.5773
vn -0.5774 -0.5774 0.5773
vn 0.5773 -0.5774 -0.5774
vn 0.5774 0.5773 -0.5774
vn 0.5774 0.5773 0.5774
vn -0.0000 -0.9999 0.0166
vn -0.7990 -0.6013 -0.0000
vn -0.0000 -0.9959 -0.0899
vn -0.0000 0.4588 0.8885
vn 0.8948 0.4466 -0.0000
vn -0.6232 0.7820 -0.0000
vn -0.0000 0.4466 -0.8948
vn -0.0000 0.4466 0.8948
vn 0.7908 -0.2032 -0.5773
vn 0.7908 -0.2032 0.5774
vn -0.2032 -0.7908 0.5774
vn -0.2032 -0.7908 -0.5773
vn -0.8726 -0.0000 0.4885
vn -0.9645 -0.0567 -0.2579
vn -0.0000 -0.7071 -0.7071
vn -0.5590 0.5772 -0.5953
vn -0.5591 -0.5772 -0.5952
vn -0.3759 -0.8440 0.3826
vn 0.5774 -0.5774 -0.5773
vn 0.5773 0.5773 -0.5774
vn -0.5103 -0.7257 -0.4615
vn 0.5103 -0.7257 -0.4615
vn -0.5848 0.5760 0.5712
vn -0.8440 -0.5363 -0.0000
vn -0.7919 -0.1988 0.5773
vn 0.2018 0.1165 0.9725
vn -0.1012 -0.0584 0.9932
vn -0.5773 0.5774 -0.5773
vn -0.7024 -0.7117 -0.0102
vn -0.7178 -0.6961 -0.0105
vn -0.5731 0.5749 0.5840
vn -0.5773 0.5774 0.5774
vn -0.5773 0.5774 -0.5774
vn 0.5774 0.5773 -0.5773
vn -0.5774 -0.5773 -0.5774
vn -0.5773 -0.5773 0.5774
vn -0.5363 0.8440 -0.0000
vn -0.1988 0.7919 0.5774
vn -0.7071 -0.0000 0.7071
vn 0.5774 0.5774 -0.5773
vn -0.5774 -0.5773 -0.5773
vn 0.7071 -0.0000 0.7071
vn 0.7071 -0.0000 -0.7071
vn -0.7071 0.7071 -0.0000
vn 0.2032 -0.7908 -0.5774
vn -0.7908 -0.2032 -0.5774
vn -0.0046 -0.0000 -1.0000
vn -0.0054 -0.0000 -1.0000
vn -0.0000 0.9959 0.0899
vn 0.5774 -0.5773 -0.5773
vn -0.5774 -0.5773 0.5774
vn 0.7919 -0.1988 -0.5773
vn -0.0000 0.9173 0.3982
vn -0.0000 0.9841 -0.1774
vn 0.5774 -0.5774 -0.5774
vn -0.0000 0.8624 -0.5062
vn -0.5774 0.5774 0.5774
vn 0.3759 0.8440 -0.3826
vn -0.2620 -0.8440 -0.4680
vn -0.5132 0.6879 0.5132
vn -0.5774 -0.5774 -0.5774
vn 0.5774 -0.5773 -0.5774
vn -0.0000 -0.9986 0.0529
vn -0.5773 -0.5773 -0.5774
vn -0.5138 -0.8579 -0.0000
vn -0.5774 -0.5774 0.5774
vn 0.2032 -0.7908 0.5774
vn -0.7908 -0.2032 0.5773
vn -0.1988 0.7919 -0.5774
vn 0.5138 -0.8579 -0.0000
vn -0.0000 -0.1426 -0.9898
vn 0.7908 -0.2032 0.5773
vn -0.5951 0.5774 0.5590
vn -0.4123 0.5363 -0.7365
vn -0.8200 -0.5723 -0.0000
vn -0.0000 0.9999 -0.0166
vn -0.9991 -0.0000 0.0424
vn -0.0221 -0.7074 0.7064
vn -0.7028 -0.7113 -0.0103
vn -0.0057 -1.0000 -0.0001
vn -0.0055 -1.0000 -0.0001
vn -0.7181 -0.6958 -0.0105
vn 0.7990 -0.6014 -0.0000
vn 0.0195 -0.0000 0.9998
vn 0.0335 -0.0000 0.9994
vn 0.0106 -0.9999 0.0002
vn 0.0099 -1.0000 0.0002
vn -0.0492 0.9982 -0.0356
vn -0.5915 0.5363 0.6021
vn 0.8200 0.5723 -0.0000
vn 0.2620 0.8440 0.4680
vn 0.5088 0.8609 -0.0000
vn -0.0000 0.0899 -0.9959
vn -0.0000 -0.0529 -0.9986
vn -0.0000 -0.0166 -0.9999
vn -0.0000 -0.0899 0.9959
vn -0.0000 0.1426 0.9898
vn 0.7134 -0.0000 0.7008
vn -0.0088 -1.0000 -0.0002
vn -0.0084 -1.0000 -0.0002
vn -0.0000 0.0166 0.9999
vn -0.0000 -0.9173 -0.3982
vn 0.8726 -0.0000 -0.4885
vn 0.5363 -0.8440 -0.0000
vn -0.0000 0.3982 -0.9173
vn -0.7020 -0.7120 -0.0161
vn -0.7123 -0.7016 -0.0163
vn 0.9991 -0.0000 -0.0424
vn 0.0047 -0.0000 1.0000
vn -0.0030 -0.0000 -1.0000
vn -0.0140 -0.9999 -0.0003
vn -0.0141 -0.9999 -0.0003
vn -0.0092 -1.0000 -0.0002
vn -0.8948 0.4466 -0.0000
vn 0.6561 -0.0000 -0.7547
vn 0.0002 -1.0000 -0.0007
vn -0.0000 -0.4180 -0.9085
vn -0.7134 -0.0000 -0.7008
vn 0.2594 -0.0217 -0.9655
vn -0.2594 0.0217 0.9655
vn -0.0000 -0.3982 0.9173
vn 0.5915 -0.5363 -0.6021
vn -0.7007 -0.7135 -0.0000
vn 0.5765 -0.0000 -0.8171
vn 0.6087 0.7934 -0.0000
vn -0.6561 -0.0000 -0.7547
vn -0.5765 -0.0000 -0.8171
vn 0.6232 0.7820 -0.0000
vn -0.5765 -0.0000 0.8171
vn 0.6087 -0.0000 -0.7934
vn -0.6087 0.7934 -0.0000
vn -0.6087 -0.7934 -0.0000
vn 0.6087 -0.0000 0.7934
vn 0.7007 0.7135 -0.0000
vn 0.9645 0.0567 0.2579
vn -0.5088 0.8609 -0.0000
vn 0.7007 -0.7135 -0.0000
vn 0.5765 -0.0000 0.8171
vn -0.6232 -0.7820 -0.0000
vn 0.6561 -0.0000 0.7547
vn -0.7007 0.7135 -0.0000
vn 0.6232 -0.7820 -0.0000
vn -0.6561 -0.0000 0.7547
vn -0.6087 -0.0000 0.7934
vn -0.6087 -0.0000 -0.7934
vn 0.6087 -0.7934 -0.0000
vn 0.8440 0.5363 -0.0000
vt 0.056000 0.710000
vt 0.050000 0.656000
vt 0.056000 0.656000
vt 0.034000 0.750000
vt 0.040000 0.972000
vt 0.034000 0.966000
vt 0.018000 0.726000
vt 0.012000 0.948000
vt 0.012000 0.720000
vt 0.014000 0.722000
vt 0.020000 0.944000
vt 0.014000 0.938000
vt 0.040000 0.966000
vt 0.034000 0.744000
vt 0.040000 0.750000
vt 0.254000 0.112000
vt 0.470000 0.112000
vt 0.362000 0.172000
vt 0.238000 0.128000
vt 0.444000 0.128000
vt 0.342000 0.190000
vt 0.252000 0.128000
vt 0.468000 0.128000
vt 0.360000 0.188000
vt 0.240000 0.128000
vt 0.342000 0.188000
vt 0.834000 0.472000
vt 0.898000 0.474000
vt 0.894000 0.472000
vt 0.830000 0.474000
vt 0.186000 0.958252
vt 0.191748 0.900946
vt 0.191748 0.964000
vt 0.374000 0.799691
vt 0.379748 1.013675
vt 0.374000 1.013675
vt 0.050000 0.730000
vt 0.054000 0.648000
vt 0.054000 0.736000
vt 0.046000 0.982000
vt 0.034000 0.766000
vt 0.046000 0.754000
vt 0.024000 0.842000
vt 0.012000 0.536000
vt 0.024000 0.522000
vt 0.026000 0.746000
vt 0.040000 0.962000
vt 0.026000 0.974000
vt 0.022000 0.612000
vt 0.034000 0.918000
vt 0.022000 0.930000
vt 0.804000 0.492000
vt 0.838000 0.500000
vt 0.810000 0.500000
vt 0.844000 0.536000
vt 0.844000 0.492000
vt 0.804000 0.536000
vt 0.838000 0.528000
vt 0.810000 0.528000
vt 0.796000 0.474000
vt 0.864000 0.472000
vt 0.860000 0.474000
vt 0.824000 0.472000
vt 0.892000 0.474000
vt 0.888000 0.472000
vt 0.426000 0.152000
vt 0.424000 0.204000
vt 0.424000 0.112000
vt 0.424000 0.152000
vt 0.426000 0.204000
vt 0.424000 0.192000
vt 0.268000 0.152000
vt 0.272000 0.204000
vt 0.268000 0.192000
vt 0.242000 0.152000
vt 0.238000 0.204000
vt 0.238000 0.112000
vt 0.116000 0.378000
vt 0.114000 0.416000
vt 0.114000 0.380000
vt 0.068000 0.394000
vt 0.066000 0.420000
vt 0.066000 0.396000
vt 0.006000 0.404000
vt 0.008000 0.380000
vt 0.008000 0.402000
vt 0.006000 0.370000
vt 0.008000 0.408000
vt 0.006000 0.410000
vt 0.116000 0.418000
vt 0.068000 0.422000
vt 0.006000 0.378000
vt 0.396000 0.166000
vt 0.394000 0.218000
vt 0.394000 0.128000
vt 0.424000 0.166000
vt 0.426000 0.218000
vt 0.424000 0.206000
vt 0.008000 0.372000
vt 0.108000 0.954000
vt 0.106000 0.966000
vt 0.106000 0.956000
vt 0.084000 0.936000
vt 0.086000 0.948000
vt 0.084000 0.952000
vt 0.088000 0.394000
vt 0.090000 0.406000
vt 0.088000 0.406000
vt 0.092000 0.394000
vt 0.088000 0.388000
vt 0.333740 0.183328
vt 0.372260 0.183328
vt 0.353000 0.180710
vt 0.333740 0.183328
vt 0.353000 0.204000
vt 0.246000 0.204000
vt 0.372260 0.183328
vt 0.460000 0.204000
vt 0.254000 0.188000
vt 0.254000 0.151344
vt 0.336660 0.167328
vt 0.356000 0.188000
vt 0.356000 0.167568
vt 0.375340 0.167328
vt 0.894000 0.474000
vt 0.883263 0.520054
vt 0.894000 0.536000
vt 0.834000 0.474000
vt 0.883263 0.484752
vt 0.844737 0.520054
vt 0.844737 0.484752
vt 0.834000 0.522000
vt 0.798000 0.518000
vt 0.796000 0.522000
vt 0.830000 0.518000
vt 0.122000 0.387864
vt 0.081239 0.391116
vt 0.076000 0.387864
vt 0.098000 0.256000
vt 0.104000 0.296000
vt 0.098000 0.302000
vt 0.104000 0.304000
vt 0.100000 0.264000
vt 0.104000 0.258000
vt 0.100000 0.242000
vt 0.104000 0.282000
vt 0.100000 0.288000
vt 0.116762 0.391116
vt 0.451994 0.176000
vt 0.265071 0.176018
vt 0.265069 0.160000
vt 0.451994 0.160000
vt 0.344000 0.176000
vt 0.344000 0.160000
vt 0.175552 0.159930
vt 0.175556 0.175960
vt 0.346681 0.176000
vt 0.346682 0.160002
vt 0.309681 0.159987
vt 0.309683 0.175999
vt 0.265126 0.176833
vt 0.452001 0.178036
vt 0.452000 0.170000
vt 0.264978 0.169917
vt 0.355249 0.175999
vt 0.355249 0.159999
vt 0.363945 0.159999
vt 0.363945 0.175999
vt 0.094000 0.816000
vt 0.094000 0.782000
vt 0.106000 0.782000
vt 0.106000 0.816000
vt 0.343899 0.176000
vt 0.287899 0.176000
vt 0.287899 0.160000
vt 0.343899 0.160000
vt 0.297409 0.882000
vt 0.224000 0.882000
vt 0.224008 0.871928
vt 0.297409 0.871874
vt 0.288180 0.155304
vt 0.288000 0.166000
vt 0.344000 0.166000
vt 0.344180 0.155304
vt 0.271279 0.158656
vt 0.271090 0.166061
vt 0.309684 0.166164
vt 0.309862 0.158803
vt 0.016000 0.754016
vt 0.016000 0.603984
vt 0.020395 0.603984
vt 0.020395 0.754016
vt 0.024000 0.603984
vt 0.024000 0.754016
vt 0.344031 0.176000
vt 0.175607 0.175960
vt 0.175603 0.159930
vt 0.344031 0.160000
vt 0.275023 0.159973
vt 0.275025 0.175980
vt 0.265122 0.159167
vt 0.264993 0.165378
vt 0.451953 0.163876
vt 0.452001 0.157964
vt 0.344092 0.178392
vt 0.344000 0.170000
vt 0.175565 0.175275
vt 0.175718 0.185269
vt 0.042000 0.800000
vt 0.042000 0.686000
vt 0.036000 0.686000
vt 0.036000 0.800000
vt 0.496000 0.149712
vt 0.512000 0.149712
vt 0.512000 0.158161
vt 0.496000 0.158161
vt 0.288000 0.160000
vt 0.288000 0.176000
vt 0.343899 0.156439
vt 0.287899 0.156439
vt 0.174337 0.158229
vt 0.173980 0.166124
vt 0.452000 0.166000
vt 0.451978 0.156939
vt 0.036000 0.774000
vt 0.036000 0.744000
vt 0.038000 0.744000
vt 0.038000 0.774000
vt 0.362019 0.882000
vt 0.362000 0.871874
vt 0.423671 0.871874
vt 0.423689 0.881884
vt 0.328031 0.175985
vt 0.328033 0.160000
vt 0.328031 0.179013
vt 0.328132 0.169452
vt 0.288000 0.170000
vt 0.287899 0.179561
vt 0.019605 0.754016
vt 0.019605 0.603984
vt 0.098000 0.400000
vt 0.096000 0.400000
vt 0.096000 0.396000
vt 0.098000 0.396000
vt 0.328132 0.175985
vt 0.328134 0.160000
vt 0.309862 0.177786
vt 0.346862 0.178696
vt 0.346681 0.170000
vt 0.309681 0.169827
vt 0.328033 0.156987
vt 0.328134 0.166548
vt 0.354783 0.160008
vt 0.364344 0.160008
vt 0.364344 0.176008
vt 0.354783 0.176008
vt 0.234000 0.820292
vt 0.294953 0.820292
vt 0.294953 0.830000
vt 0.234000 0.830000
vt 0.346862 0.176000
vt 0.155297 0.175946
vt 0.155294 0.159925
vt 0.346862 0.160002
vt 0.452000 0.176000
vt 0.452000 0.160000
vt 0.264538 0.159987
vt 0.264542 0.176014
vt 0.155305 0.157304
vt 0.155124 0.166000
vt 0.226779 0.166000
vt 0.226956 0.158629
vt 0.210275 0.158630
vt 0.210099 0.166000
vt 0.230311 0.165996
vt 0.230498 0.158613
vt 0.461963 0.176000
vt 0.461963 0.160000
vt 0.467877 0.160000
vt 0.467878 0.176000
vt 0.309862 0.176734
vt 0.309862 0.159265
vt 0.155116 0.167666
vt 0.309862 0.158202
vt 0.309683 0.166173
vt 0.346681 0.166000
vt 0.346861 0.157304
vt 0.042000 0.764000
vt 0.042000 0.734000
vt 0.050000 0.734000
vt 0.050000 0.764000
vt 0.210093 0.175962
vt 0.210091 0.159947
vt 0.155106 0.159925
vt 0.155109 0.175946
vt 0.210270 0.177324
vt 0.155287 0.178696
vt 0.226951 0.177331
vt 0.226767 0.170000
vt 0.155107 0.170000
vt 0.309682 0.159991
vt 0.309682 0.175995
vt 0.152000 0.144000
vt 0.152000 0.160000
vt 0.512000 0.160000
vt 0.512000 0.144000
vt 0.174215 0.176000
vt 0.174215 0.160000
vt 0.226007 0.912000
vt 0.226000 0.902354
vt 0.302974 0.902354
vt 0.302981 0.911947
vt 0.264976 0.166083
vt 0.174341 0.177772
vt 0.451978 0.179061
vt 0.173979 0.169876
vt 0.038000 0.686000
vt 0.021883 0.686000
vt 0.021883 0.800000
vt 0.038000 0.800000
vt 0.343899 0.179561
vt 0.452016 0.176000
vt 0.452016 0.160000
vt 0.264554 0.159987
vt 0.264558 0.176014
vt 0.288180 0.180696
vt 0.344180 0.180696
vt 0.451953 0.172124
vt 0.264996 0.170622
vt 0.120000 0.500000
vt 0.120000 0.502000
vt 0.092000 0.502000
vt 0.092000 0.500000
vt 0.155395 0.158162
vt 0.155395 0.149712
vt 0.504311 0.149720
vt 0.505349 0.158151
vt 0.504358 0.143968
vt 0.504351 0.160010
vt 0.157365 0.160000
vt 0.154968 0.144009
vt 0.157365 0.160000
vt 0.505387 0.160000
vt 0.505390 0.143981
vt 0.154968 0.144009
vt 0.512071 0.158160
vt 0.512082 0.151774
vt 0.496082 0.151774
vt 0.496071 0.158160
vt 0.032924 0.864000
vt 0.032924 0.854000
vt 0.038000 0.854000
vt 0.038000 0.864000
vt 0.152000 0.158162
vt 0.152000 0.149712
vt 0.512001 0.149720
vt 0.511999 0.158811
vt 0.150000 0.158162
vt 0.150000 0.149712
vt 0.230498 0.158650
vt 0.230493 0.177453
vt 0.506099 0.159084
vt 0.153270 0.159090
vt 0.153270 0.149711
vt 0.508576 0.149720
vt 0.868000 0.536000
vt 0.872000 0.520000
vt 0.838000 0.520000
vt 0.842000 0.536000
vt 0.156060 0.145658
vt 0.155253 0.159995
vt 0.506132 0.160000
vt 0.506134 0.145633
vt 0.508593 0.160000
vt 0.155253 0.159995
vt 0.156152 0.144012
vt 0.508595 0.143990
vt 0.506111 0.158944
vt 0.156055 0.158955
vt 0.156152 0.149712
vt 0.508596 0.149718
vt 0.510576 0.149712
vt 0.510576 0.159089
vt 0.497501 0.158257
vt 0.506099 0.159816
vt 0.153270 0.159818
vt 0.497689 0.159970
vt 0.512041 0.160807
vt 0.512014 0.150774
vt 0.496014 0.150766
vt 0.510576 0.159817
vt 0.497501 0.158985
vt 0.504358 0.149720
vt 0.154968 0.149712
vt 0.154968 0.158161
vt 0.505389 0.158151
vt 0.434000 0.128000
vt 0.432000 0.166000
vt 0.404000 0.166000
vt 0.402000 0.128000
vt 0.271086 0.160045
vt 0.271087 0.175997
vt 0.032000 0.880000
vt 0.032000 0.874000
vt 0.048423 0.874000
vt 0.048423 0.880000
vt 0.074000 0.478325
vt 0.087675 0.478325
vt 0.087675 0.492000
vt 0.074000 0.492000
vt 0.497688 0.159301
vt 0.512040 0.160138
vt 0.506110 0.158244
vt 0.156055 0.158257
vt 0.156060 0.145695
vt 0.506134 0.145667
vt 0.506132 0.160034
vt 0.155252 0.160031
vt 0.082000 0.358000
vt 0.090000 0.358000
vt 0.090000 0.364000
vt 0.082000 0.364000
vt 0.034000 0.728000
vt 0.034000 0.720000
vt 0.036000 0.720000
vt 0.036000 0.728000
vt 0.034000 0.774000
vt 0.038000 0.880000
vt 0.021883 0.880000
vt 0.021883 0.874000
vt 0.038000 0.874000
vt 0.030000 0.800000
vt 0.030000 0.686000
vt 0.054000 1.000000
vt 0.040000 1.000000
vt 0.040000 0.898000
vt 0.054000 0.898000
vt 0.021883 0.874000
vt 0.021883 0.880000
vt 0.046000 0.773809
vt 0.040000 0.773809
vt 0.040000 0.744191
vt 0.046000 0.744191
vt 0.048000 0.724000
vt 0.048000 0.778000
vt 0.042000 0.778000
vt 0.042000 0.724000
vt 0.056000 0.666000
vt 0.056000 0.700000
vt 0.050000 0.700000
vt 0.050000 0.666000
vt 0.008000 0.400000
vt 0.002000 0.400000
vt 0.002000 0.376000
vt 0.008000 0.376000
vt 0.064000 0.312000
vt 0.064000 0.274000
vt 0.102000 0.274000
vt 0.102000 0.312000
vt 0.034000 0.773809
vt 0.034000 0.744191
vt 0.038000 0.744191
vt 0.038000 0.773809
vt 0.008000 0.406000
vt 0.002000 0.406000
vt 0.002000 0.370000
vt 0.008000 0.370000
vt 0.010000 0.478000
vt 0.010000 0.466000
vt 0.022000 0.466000
vt 0.022000 0.478000
vt 0.050000 0.716000
vt 0.236000 0.128000
vt 0.286000 0.128000
vt 0.286000 0.220000
vt 0.236000 0.220000
vt 0.036000 0.726000
vt 0.034000 0.726000
vt 0.040000 0.744000
vt 0.048000 0.646000
vt 0.054000 0.646000
vt 0.054000 0.708000
vt 0.048000 0.708000
vt 0.032000 0.864000
vt 0.032000 0.870000
vt 0.038000 0.870000
vt 0.034000 0.740000
vt 0.034000 0.730000
vt 0.036000 0.730000
vt 0.036000 0.740000
vt 0.080000 0.372000
vt 0.082000 0.372000
vt 0.082000 0.378000
vt 0.080000 0.378000
vt 0.328000 0.204000
vt 0.328000 0.112000
vt 0.382000 0.112000
vt 0.382000 0.204000
vt 0.271304 0.176000
vt 0.282000 0.176000
vt 0.282000 0.160000
vt 0.271304 0.160000
vt 0.018000 0.942000
vt 0.098000 0.390000
vt 0.098000 0.386000
vt 0.100000 0.386000
vt 0.100000 0.390000
vt 0.020000 0.716000
vt 0.034000 0.972000
vt 0.884000 0.520000
vt 0.824000 0.520000
vt 0.824000 0.484000
vt 0.884000 0.484000
vt 0.299748 0.882000
vt 0.294000 0.882000
vt 0.294000 0.871874
vt 0.299748 0.871874
vt 0.030000 0.811228
vt 0.030000 0.721163
vt 0.035076 0.721163
vt 0.035076 0.811228
vt 0.031605 0.614000
vt 0.031605 0.606000
vt 0.036000 0.606000
vt 0.036000 0.614000
vt 0.308000 0.220000
vt 0.308000 0.068000
vt 0.302000 0.072000
vt 0.300000 0.220000
vt 0.196000 0.112000
vt 0.392000 0.112000
vt 0.392000 0.204000
vt 0.196000 0.204000
vt 0.308000 0.070000
vt 0.308000 0.222000
vt 0.302000 0.220000
vt 0.300000 0.072000
vt 0.096000 0.388000
vt 0.096000 0.394000
vt 0.134000 0.160000
vt 0.482000 0.160000
vt 0.482000 0.154000
vt 0.134000 0.154000
vt 0.954000 0.504000
vt 0.944000 0.528000
vt 0.900000 0.528000
vt 0.890000 0.504000
vt 0.084000 0.374000
vt 0.084000 0.376000
vt 0.872000 0.504000
vt 0.932000 0.504000
vt 0.922000 0.528000
vt 0.882000 0.528000
vt 0.910000 0.500000
vt 0.900000 0.524000
vt 0.860000 0.524000
vt 0.850000 0.500000
vt 0.092000 0.396000
vt 0.092000 0.400000
vt 0.030000 0.928000
vt 0.016000 0.928000
vt 0.016000 0.826000
vt 0.030000 0.826000
vt 0.080000 0.358000
vt 0.080000 0.364000
vt 0.090000 0.444000
vt 0.090000 0.352000
vt 0.100000 0.352000
vt 0.100000 0.444000
vt 0.074000 0.494000
vt 0.074000 0.480325
vt 0.087675 0.480325
vt 0.087675 0.494000
vt 0.032000 0.928000
vt 0.018000 0.928000
vt 0.018000 0.826000
vt 0.032000 0.826000
vt 0.157855 0.987529
vt 0.157855 0.693960
vt 0.362806 0.693960
vt 0.362806 0.987529
vt 0.020000 0.928000
vt 0.020000 0.826000
vt 0.034000 0.826000
vt 0.034000 0.928000
vt 0.072000 0.490000
vt 0.072000 0.476325
vt 0.085675 0.476325
vt 0.085675 0.490000
vt 0.144000 0.858000
vt 0.144000 0.856000
vt 0.146000 0.856000
vt 0.146000 0.858000
vt 0.074000 0.476325
vt 0.087675 0.476325
vt 0.087675 0.490000
vt 0.074000 0.490000
vt 0.094000 0.400000
vt 0.094000 0.390000
vt 0.092000 0.390000
vt 0.036000 1.000000
vt 0.036000 0.898000
vt 0.050000 0.898000
vt 0.050000 1.000000
vt 0.019577 0.800000
vt 0.019577 0.686000
vt 0.496965 0.149712
vt 0.496965 0.158161
vt 0.792000 0.474000
vt 0.792000 0.464000
vt 0.864000 0.464000
vt 0.864000 0.474000
vt 0.094000 0.406000
vt 0.094000 0.388000
vt 0.100000 0.388000
vt 0.100000 0.406000
vt 0.358000 0.937989
vt 0.391223 0.937989
vt 0.391223 0.948000
vt 0.358000 0.948000
vt 0.358000 0.160000
vt 0.364000 0.160000
vt 0.364000 0.176000
vt 0.358000 0.176000
vt 0.100000 0.408000
vt 0.092000 0.406000
vt 0.092000 0.408000
vt 0.034000 0.734000
vt 0.036000 0.734000
vt 0.032924 0.843214
vt 0.032924 0.655487
vt 0.038000 0.655487
vt 0.038000 0.843214
vt 0.035076 0.843214
vt 0.030000 0.843214
vt 0.030000 0.655487
vt 0.035076 0.655487
vt 0.186000 0.900947
vt 0.379748 0.793943
vt 0.078000 0.486000
vt 0.078000 0.484130
vt 0.079870 0.484130
vt 0.079870 0.486000
vt 0.155114 0.159925
vt 0.155117 0.175946
vt 0.102000 0.882000
vt 0.102000 0.871989
vt 0.190190 0.871935
vt 0.190198 0.882000
vt 0.348000 0.204000
vt 0.278000 0.204000
vt 0.278000 0.112000
vt 0.348000 0.112000
vt 0.448000 0.190000
vt 0.416000 0.190000
vt 0.418000 0.178000
vt 0.446000 0.178000
vt 0.050000 0.648000
vt 0.228007 0.884000
vt 0.228000 0.874292
vt 0.299968 0.874292
vt 0.299976 0.883947
vt 0.296000 0.112000
vt 0.296000 0.204000
vt 0.224000 0.204000
vt 0.224000 0.112000
vt 0.298000 0.096000
vt 0.298000 0.188000
vt 0.222000 0.188000
vt 0.222000 0.096000
vt 0.358000 0.204000
vt 0.276000 0.204000
vt 0.276000 0.112000
vt 0.358000 0.112000
vt 0.052000 1.000000
vt 0.038000 1.000000
vt 0.038000 0.898000
vt 0.052000 0.898000
vt 0.087675 0.474325
vt 0.087675 0.488000
vt 0.074000 0.488000
vt 0.074000 0.474325
vt 0.236346 0.204000
vt 0.236346 0.112000
vt 0.450000 0.112000
vt 0.450000 0.204000
vt 0.090000 0.378000
vt 0.088000 0.378000
vt 0.088000 0.372000
vt 0.090000 0.372000
vt 0.046117 0.686000
vt 0.046117 0.800000
vt 0.048000 0.734000
vt 0.048000 0.764000
vt 0.034000 0.698000
vt 0.052000 0.698000
vt 0.052000 0.928000
vt 0.824000 0.536000
vt 0.824000 0.474000
vt 0.888000 0.474000
vt 0.888000 0.536000
vt 0.830000 0.464000
vt 0.898000 0.464000
vt 0.108000 1.000000
vt 0.108000 0.963792
vt 0.109870 0.963792
vt 0.109870 1.000000
vt 0.032000 0.744000
vt 0.042000 0.744000
vt 0.042000 0.972000
vt 0.032000 0.972000
vt 0.042000 1.000000
vt 0.028000 1.000000
vt 0.028000 0.898000
vt 0.042000 0.898000
vt 0.072000 0.476325
vt 0.085675 0.476325
vt 0.100000 0.794601
vt 0.100000 0.782000
vt 0.106000 0.794601
vt 0.276041 0.176000
vt 0.286442 0.176000
vt 0.286442 0.160000
vt 0.276041 0.160000
vt 0.112000 0.761200
vt 0.099399 0.761200
vt 0.099399 0.648800
vt 0.112000 0.648800
vt 0.038000 0.878000
vt 0.032924 0.878000
vt 0.032924 0.868000
vt 0.038000 0.868000
vt 0.116000 0.990000
vt 0.116000 0.978120
vt 0.118000 0.978120
vt 0.118000 0.990000
vt 0.022000 0.844596
vt 0.022000 0.655487
vt 0.032000 0.655487
vt 0.032000 0.844596
vt 0.036000 0.843214
vt 0.036000 0.655487
vt 0.046000 0.655487
vt 0.046000 0.843214
vt 0.042000 0.763809
vt 0.042000 0.734191
vt 0.048000 0.734191
vt 0.048000 0.763809
vt 0.110000 0.738000
vt 0.116000 0.738000
vt 0.116000 0.850000
vt 0.110000 0.850000
vt 0.035076 0.936000
vt 0.030000 0.936000
vt 0.030000 0.650000
vt 0.035076 0.650000
vt 0.046000 0.744000
vt 0.046000 0.774000
vt 0.912000 0.522000
vt 0.840000 0.522000
vt 0.840000 0.506000
vt 0.912000 0.506000
vt 0.046000 0.936000
vt 0.036000 0.936000
vt 0.036000 0.650000
vt 0.046000 0.650000
vt 0.496000 0.158811
vt 0.512000 0.158811
vt 0.512000 0.149720
vt 0.496000 0.149720
vt 0.100000 0.400000
vt 0.022000 0.936000
vt 0.022000 0.650000
vt 0.032000 0.650000
vt 0.032000 0.936000
vt 0.040000 0.774000
vt 0.355608 0.176000
vt 0.355608 0.160000
vt 0.032924 0.844596
vt 0.038000 0.655487
vt 0.038000 0.844596
vt 0.030000 0.946623
vt 0.035076 0.946623
vt 0.032000 0.686000
vt 0.026000 0.686000
vt 0.026000 0.800000
vt 0.032000 0.800000
vt 0.036000 0.744191
vt 0.036000 0.773809
vt 0.080000 0.396000
vt 0.082000 0.396000
vt 0.082000 0.400000
vt 0.080000 0.400000
vt 0.034000 0.732000
vt 0.036000 0.732000
vt 0.080403 0.484000
vt 0.078000 0.484000
vt 0.078000 0.482130
vt 0.080403 0.482130
vt 0.012000 0.716000
vt 0.024000 0.716000
vt 0.024000 0.944000
vt 0.012000 0.944000
vt 0.010000 0.798000
vt 0.010000 0.736000
vt 0.016000 0.736000
vt 0.016000 0.798000
vt 0.046117 0.800000
vt 0.046117 0.686000
vt 0.104000 0.738000
vt 0.104000 0.850000
vt 0.028000 0.486000
vt 0.028000 0.478000
vt 0.030000 0.478000
vt 0.030000 0.486000
vt 0.110403 0.969770
vt 0.110403 0.994000
vt 0.108000 0.994000
vt 0.108000 0.969770
vt 0.383986 0.175999
vt 0.383999 0.176000
vt 0.383999 0.160000
vt 0.383986 0.160000
vt 0.048423 0.870000
vt 0.048423 0.864000
vt 0.030000 0.765026
vt 0.030000 0.713407
vt 0.035076 0.713407
vt 0.035076 0.765026
vt 0.844737 0.520054
vt 0.022000 0.765026
vt 0.022000 0.713407
vt 0.032000 0.713407
vt 0.032000 0.765026
vt 0.022571 0.946622
vt 0.022571 0.650000
vt 0.032000 0.946623
vt 0.856000 0.522000
vt 0.856000 0.506000
vt 0.928000 0.506000
vt 0.928000 0.522000
vt 0.092000 0.382000
vt 0.092000 0.374000
vt 0.100000 0.374000
vt 0.100000 0.382000
vt 0.130000 0.220000
vt 0.130000 0.072000
vt 0.478000 0.072000
vt 0.478000 0.220000
vt 0.046000 0.811228
vt 0.036000 0.811228
vt 0.036000 0.721163
vt 0.046000 0.721163
vt 0.104000 0.238000
vt 0.104000 0.274000
vt 0.102000 0.238000
vt 0.086000 0.444000
vt 0.086000 0.352000
vt 0.046000 0.765026
vt 0.036000 0.765026
vt 0.036000 0.713407
vt 0.046000 0.713407
vt 0.088000 0.442000
vt 0.088000 0.397864
vt 0.092000 0.397864
vt 0.092000 0.442000
vt 0.022000 0.811228
vt 0.022000 0.721163
vt 0.032000 0.721163
vt 0.032000 0.811228
vt 0.036000 0.788000
vt 0.108000 0.970000
vt 0.110000 0.970000
vt 0.110000 0.994000
vt 0.353304 0.176000
vt 0.353304 0.160000
vt 0.116761 0.346980
vt 0.081238 0.346980
vt 0.102000 0.390000
vt 0.102000 0.400000
vt 0.084000 0.360000
vt 0.086000 0.360000
vt 0.086000 0.362000
vt 0.084000 0.362000
vt 0.078403 0.482130
vt 0.078403 0.484000
vt 0.076000 0.484000
vt 0.076000 0.482130
vt 0.130000 0.068000
vt 0.478000 0.068000
vt 0.045429 0.946623
vt 0.036000 0.946623
vt 0.045429 0.650000
vt 0.216000 0.856000
vt 0.216000 0.846000
vt 0.410000 0.846000
vt 0.410000 0.856000
vt 0.012000 0.604000
vt 0.030000 0.604000
vt 0.030000 0.922000
vt 0.012000 0.922000
vt 0.354439 0.160000
vt 0.354439 0.176000
vt 0.804000 0.418000
vt 0.844000 0.418000
vt 0.086000 0.368000
vt 0.090000 0.360000
vt 0.090000 0.368000
vt 0.072000 0.492000
vt 0.072000 0.478325
vt 0.085675 0.478325
vt 0.085675 0.492000
vt 0.080000 0.670000
vt 0.080000 0.658000
vt 0.114000 0.658000
vt 0.114000 0.670000
vt 0.072000 0.494000
vt 0.072000 0.480325
vt 0.085675 0.480325
vt 0.085675 0.494000
vt 0.460939 0.176000
vt 0.460939 0.160000
vt 0.470000 0.160000
vt 0.470000 0.176000
vt 0.114000 0.664000
vt 0.101399 0.664000
vt 0.101399 0.658000
vt 0.074000 0.478325
vt 0.087675 0.478325
vt 0.046000 1.000000
vt 0.032000 1.000000
vt 0.032000 0.898000
vt 0.046000 0.898000
vt 0.850000 0.522000
vt 0.850000 0.506000
vt 0.918000 0.506000
vt 0.918000 0.522000
vt 0.096000 0.390000
vt 0.036000 0.632000
vt 0.054000 0.632000
vt 0.054000 0.950000
vt 0.036000 0.950000
vt 0.034000 0.970000
vt 0.012000 0.828000
vt 0.040000 0.758000
vt 0.034000 0.624000
vt 0.164000 0.948000
vt 0.164000 0.937989
vt 0.227053 0.937989
vt 0.227053 0.948000
vt 0.048423 0.880000
vt 0.048423 0.874000
vt 0.112000 0.966000
vt 0.112000 0.950000
vt 0.110000 0.950000
vt 0.110000 0.966000
vt 0.384000 0.176000
vt 0.384000 0.160000
vt 0.270000 0.868000
vt 0.270000 0.775668
vt 0.275472 0.775668
vt 0.275472 0.868000
vt 0.072000 0.478325
vt 0.085675 0.478325
vt 0.412000 0.848407
vt 0.445223 0.848407
vt 0.445223 0.858000
vt 0.412000 0.858000
vt 0.048423 0.864000
vt 0.048423 0.870000
vt 0.792000 0.472000
vt 0.078000 0.761200
vt 0.078000 0.648800
vt 0.046000 0.844596
vt 0.036000 0.844596
vt 0.036000 0.655487
vt 0.046000 0.655487
vt 0.021883 0.800000
vt 0.021883 0.686000
vt 0.266731 0.176000
vt 0.276725 0.176000
vt 0.276725 0.160000
vt 0.266730 0.160000
vt 0.094000 0.970000
vt 0.090000 0.970000
vt 0.090000 0.958120
vt 0.094000 0.958120
vt 0.820000 0.474000
vt 0.344180 0.176000
vt 0.288180 0.176000
vt 0.288180 0.160000
vt 0.344180 0.160000
vt 0.072000 0.480325
vt 0.085675 0.480325
vt 0.085675 0.494000
vt 0.383984 0.175999
vt 0.383984 0.160000
vt 0.344092 0.157608
vt 0.175734 0.150731
vt 0.175580 0.160725
vt 0.210086 0.170000
vt 0.155098 0.168335
vt 0.130000 0.152000
vt 0.478000 0.152000
vt 0.478000 0.146000
vt 0.130000 0.146000
vt 0.226773 0.175966
vt 0.226773 0.159954
vt 0.048423 0.686000
vt 0.048423 0.800000
vt 0.396000 0.206000
vt 0.426000 0.192000
vt 0.426000 0.128000
vt 0.426000 0.112000
vt 0.246000 0.167344
vt 0.246000 0.112000
vt 0.333740 0.112000
vt 0.333740 0.183328
vt 0.272000 0.112000
vt 0.242000 0.192000
vt 0.272439 0.176000
vt 0.272439 0.160000
vt 0.820000 0.464000
vt 0.892000 0.464000
vt 0.038000 0.936000
vt 0.032924 0.936000
vt 0.032924 0.650000
vt 0.038000 0.650000
vt 0.085675 0.476325
vt 0.085675 0.490000
vt 0.122230 0.982000
vt 0.098000 0.982000
vt 0.098000 0.980130
vt 0.122230 0.980130
vt 0.426000 0.126000
vt 0.412000 0.768000
vt 0.412000 0.758407
vt 0.450159 0.758407
vt 0.450159 0.768000
vt 0.102000 0.384000
vt 0.096000 0.384000
vt 0.262325 0.948000
vt 0.262325 0.937989
vt 0.482057 0.937989
vt 0.482057 0.948000
vt 0.072000 0.488000
vt 0.072000 0.474325
vt 0.085675 0.474325
vt 0.085675 0.488000
vt 0.048423 0.686000
vt 0.048423 0.800000
vt 0.096000 0.982000
vt 0.096000 0.980130
vt 0.120230 0.980130
vt 0.120230 0.982000
vt 0.284737 0.176000
vt 0.284737 0.160000
vt 0.102000 0.954000
vt 0.102000 0.970000
vt 0.100000 0.970000
vt 0.100000 0.954000
vt 0.086000 0.938000
vt 0.021883 0.864000
vt 0.021883 0.870000
vt 0.098000 0.958120
vt 0.098000 0.970000
vt 0.090000 0.388000
vt 0.112000 0.958000
vt 0.112000 0.954000
vt 0.114000 0.954000
vt 0.114000 0.958000
vt 0.256000 0.128000
vt 0.460000 0.128000
vt 0.460000 0.220000
vt 0.256000 0.220000
vt 0.816000 0.536000
vt 0.812000 0.520000
vt 0.868000 0.520000
vt 0.864000 0.536000
vt 0.019577 0.686000
vt 0.019577 0.800000
vt 0.079870 0.482130
vt 0.079870 0.484000
vt 0.276000 0.176000
vt 0.276000 0.160000
vt 0.360953 0.871874
vt 0.360953 0.882000
vt 0.300000 0.882000
vt 0.300000 0.871874
vt 0.104000 0.390000
vt 0.104000 0.400000
vt 0.032924 0.946623
vt 0.038000 0.946623
vt 0.052000 0.764000
vt 0.052000 0.734000
vt 0.092000 0.380000
vt 0.100000 0.380000
vt 0.022000 0.843214
vt 0.022000 0.655487
vt 0.032000 0.655487
vt 0.032000 0.843214
vt 0.035076 0.844596
vt 0.030000 0.844596
vt 0.030000 0.655487
vt 0.035076 0.655487
vt 0.021883 0.870000
vt 0.021883 0.864000
vt 0.282000 0.860000
vt 0.282000 0.767668
vt 0.287472 0.767668
vt 0.287472 0.860000
vt 0.102000 0.396000
vt 0.082000 0.388000
vt 0.082000 0.394000
vt 0.032924 0.877429
vt 0.038000 0.877429
vt 0.072000 0.474325
vt 0.085675 0.474325
vt 0.088000 0.398000
vt 0.088000 0.352000
vt 0.092000 0.352000
vt 0.092000 0.398000
vt 0.275205 0.158639
vt 0.275027 0.166000
vt 0.275203 0.177338
vt 0.275021 0.170000
vt 0.173329 0.159981
vt 0.173331 0.175994
vt 0.230305 0.159956
vt 0.230306 0.176090
vt 0.309864 0.158655
vt 0.309860 0.177344
vt 0.309863 0.177178
vt 0.309680 0.169845
vt 0.271276 0.177305
vt 0.271278 0.158769
vt 0.230494 0.177348
vt 0.230301 0.170005
vt 0.271276 0.177322
vt 0.271084 0.169945
vt 0.336660 0.096000
vt 0.336660 0.167328
vt 0.254000 0.151344
vt 0.254000 0.096000
vt 0.460000 0.167344
vt 0.372260 0.183328
vt 0.372260 0.112000
vt 0.460000 0.112000
vt 0.246000 0.167344
vt 0.460000 0.167344
vt 0.375340 0.096000
vt 0.458000 0.096000
vt 0.458000 0.151344
vt 0.375340 0.167328
vt 0.458000 0.151344
vt 0.458000 0.188000
vt 0.912000 0.504000
vt 0.902000 0.528000
vt 0.858000 0.528000
vt 0.848000 0.504000
vt 0.086000 0.400000
vt 0.086000 0.396000
vt 0.088000 0.396000
vt 0.088000 0.400000
vt 0.834000 0.536000
vt 0.032924 0.854571
vt 0.038000 0.854571
vt 0.466000 0.204000
vt 0.250000 0.204000
vt 0.250000 0.112000
vt 0.466000 0.112000
vt 0.094000 0.434000
vt 0.094000 0.342000
vt 0.102000 0.342000
vt 0.102000 0.434000
vt 0.058000 0.652000
vt 0.058000 0.726000
vt 0.052000 0.724000
vt 0.052000 0.652000
vt 0.086000 0.374000
vt 0.086000 0.376000
vt 0.074000 0.476325
vt 0.087675 0.476325
vt 0.010000 0.356000
vt 0.010000 0.342000
vt 0.022000 0.342000
vt 0.022000 0.356000
vt 0.312000 0.204000
vt 0.312000 0.112000
vt 0.369791 0.112000
vt 0.369791 0.204000
vt 0.032924 0.811228
vt 0.032924 0.721163
vt 0.038000 0.721163
vt 0.038000 0.811228
vt 0.408000 0.128000
vt 0.446000 0.128000
vt 0.446000 0.220000
vt 0.408000 0.220000
vt 0.088000 0.358000
vt 0.088000 0.364000
vt 0.094000 0.396000
vt 0.084000 0.396000
vt 0.084000 0.400000
vt 0.030000 0.464000
vt 0.030000 0.456000
vt 0.032000 0.456000
vt 0.032000 0.464000
vt 0.102000 0.386000
vt 0.096000 0.386000
vt 0.088000 0.353729
vt 0.092000 0.353729
vt 0.088000 0.384000
vt 0.088000 0.338000
vt 0.092000 0.338000
vt 0.092000 0.384000
vt 0.030000 1.000000
vt 0.030000 0.898000
vt 0.044000 0.898000
vt 0.044000 1.000000
vt 0.032924 0.765026
vt 0.032924 0.713407
vt 0.038000 0.713407
vt 0.038000 0.765026
vt 0.104000 0.278000
vt 0.104000 0.234000
vt 0.098000 0.236000
vt 0.098000 0.274000
vt 0.104000 0.262000
vt 0.100000 0.300000
vt 0.104000 0.236000
vt 0.098000 0.234000
vt 0.098000 0.278000
vt 0.104000 0.248000
vt 0.030000 0.488000
vt 0.030000 0.472000
vt 0.032000 0.472000
vt 0.032000 0.488000
vt 0.796000 0.536000
vt 0.860000 0.536000
vt 0.838000 0.536000
vt 0.796000 0.418000
vt 0.838000 0.418000
vt 0.358000 0.871874
vt 0.363748 0.871874
vt 0.363748 0.882000
vt 0.358000 0.882000
vt 0.028000 0.470000
vt 0.030000 0.470000
vt 0.844737 0.520054
vt 0.034000 0.788000
vt 0.026000 0.862000
vt 0.026000 0.632000
vt 0.044000 0.632000
vt 0.044000 0.862000
vt 0.884000 0.472000
vt 0.884000 0.522000
vt 0.844000 0.522000
vt 0.844000 0.472000
vt 0.110000 0.958120
vt 0.112000 0.958120
vt 0.112000 0.970000
vt 0.086000 0.354000
vt 0.086000 0.346000
vt 0.090000 0.346000
vt 0.090000 0.354000
s 1
f 172/1/1 193/2/2 190/3/3
f 197/4/4 199/5/4 196/6/4
f 208/7/4 205/8/4 204/9/4
f 178/10/5 202/11/6 179/12/6
f 171/13/6 192/14/7 172/15/1
f 197/16/8 196/17/8 212/18/8
f 182/19/9 181/20/9 213/21/9
f 209/22/9 208/23/9 214/24/9
f 180/25/8 343/20/8 215/26/8
f 544/27/10 557/28/11 545/29/10
f 546/29/4 555/30/12 543/27/13
f 171/31/6 600/32/6 201/33/6
f 179/34/6 278/35/6 281/36/6
f 178/37/5 288/38/14 203/39/5
f 514/40/4 183/41/4 515/42/4
f 516/43/4 520/44/4 514/45/4
f 517/46/4 175/47/4 516/48/4
f 515/49/4 174/50/4 517/51/4
f 230/52/4 522/53/4 521/54/4
f 239/55/4 522/53/4 238/56/4
f 231/57/4 523/58/4 239/55/4
f 231/57/4 521/54/4 524/59/4
f 543/60/15 556/61/16 544/62/15
f 545/63/17 558/64/18 546/65/17
f 602/66/19 595/67/19 591/68/19
f 603/69/19 594/70/19 598/71/19
f 601/72/20 281/73/20 596/74/20
f 605/75/20 280/76/20 283/77/20
f 609/78/20 611/79/20 615/80/20
f 610/81/20 615/82/20 617/83/20
f 607/84/20 612/85/20 611/86/20
f 610/87/20 612/88/20 608/89/20
f 637/78/19 614/79/19 635/90/19
f 638/81/19 616/82/19 637/91/19
f 635/84/19 613/85/19 636/92/19
f 613/88/19 638/87/19 636/89/19
f 653/93/20 643/94/20 639/95/20
f 656/96/20 642/97/20 646/98/20
f 652/72/19 654/73/19 644/74/19
f 658/75/19 655/76/19 659/77/19
f 663/78/19 665/79/19 669/80/19
f 664/81/19 669/82/19 671/83/19
f 661/84/19 666/85/19 665/86/19
f 664/87/19 666/88/19 662/89/19
f 670/80/20 689/90/20 691/78/20
f 692/81/20 670/82/20 691/91/20
f 689/84/20 667/85/20 690/92/20
f 690/89/20 672/99/20 692/87/20
s 0
f 697/100/8 694/101/8 696/102/8
f 699/103/9 693/104/9 698/105/9
f 720/106/8 715/107/8 714/108/8
f 719/109/9 717/108/9 718/110/9
f 820/106/8 815/107/8 814/108/8
f 819/109/9 817/108/9 818/110/9
s 1
f 858/111/9 859/112/9 860/113/21
f 858/114/9 853/115/9 852/116/9
f 859/117/9 851/118/9 853/115/9
f 861/119/8 866/120/8 870/121/8
f 865/122/8 872/123/8 871/124/8
f 876/125/8 878/126/8 874/127/8
f 875/128/22 879/129/23 876/125/8
f 875/128/22 877/130/8 880/131/24
f 878/132/25 885/133/26 877/134/27
f 878/134/25 887/135/28 886/133/29
f 882/132/27 887/133/28 884/134/25
f 877/132/27 888/133/30 882/134/27
s 0
f 960/136/19 961/137/19 957/138/19
f 949/139/19 963/140/19 950/141/19
f 952/142/19 965/143/19 956/144/19
f 957/145/19 967/146/19 960/147/19
f 959/138/20 978/148/20 958/136/20
f 979/140/20 954/139/20 951/141/20
f 981/143/20 953/142/20 955/144/20
f 983/146/20 959/145/20 958/147/20
f 1056/106/8 1051/107/8 1050/108/8
f 1055/109/9 1053/108/9 1054/110/9
s 1
f 8/149/31 6/150/32 5/151/33 7/152/34
f 20/153/35 19/154/36 17/155/37 18/156/38
f 578/157/39 577/158/40 589/159/41 587/160/42
f 6/161/43 8/162/31 4/163/44 2/164/45
f 574/165/46 573/166/47 569/167/48 570/168/49
f 537/169/50 541/170/51 542/171/9 535/172/52
f 32/173/53 30/174/54 29/175/55 31/176/56
f 207/177/19 291/178/19 290/179/19 195/180/19
f 13/181/57 9/182/58 11/183/59 15/184/60
f 846/185/61 847/186/62 589/187/41 590/188/63
f 479/189/64 480/190/65 481/191/66 474/192/67
f 491/193/68 493/190/69 488/189/70 489/194/71
f 24/195/72 22/196/73 21/197/74 23/198/75
f 570/157/49 569/158/48 834/199/76 835/200/8
f 85/201/77 81/202/78 83/203/79 87/204/80
f 24/205/72 20/206/35 18/207/81 22/208/82
f 419/209/83 421/210/84 425/211/85 418/212/86
f 133/213/87 129/214/88 130/215/89 134/216/90
f 562/153/91 561/154/92 559/217/93 560/218/94
f 28/153/95 27/154/96 25/217/97 26/218/94
f 31/219/56 29/220/55 25/182/97 27/183/96
f 77/221/98 73/222/99 75/223/100 79/224/101
f 471/189/64 472/190/65 473/191/66 466/192/67
s 0
f 810/225/102 811/226/102 812/227/102 805/228/102
s 1
f 206/229/19 193/230/19 192/231/19 198/232/19
f 48/233/103 46/174/104 45/175/105 47/234/106
f 48/235/103 44/236/107 42/237/108 46/238/109
f 40/235/110 36/236/111 34/237/112 38/238/113
f 444/194/114 443/239/115 445/240/116 446/193/117
s 0
f 1025/241/8 1009/242/8 1016/243/8 1026/244/8
s 1
f 36/245/111 35/246/118 33/217/119 34/218/120
f 44/245/107 43/246/121 41/217/122 42/218/123
f 588/247/124 582/248/125 578/249/39 587/250/126
f 39/251/127 37/220/128 33/182/119 35/252/118
f 39/253/127 35/254/118 36/255/111 40/256/110
f 191/257/20 186/258/20 200/259/20 194/260/20
f 56/261/46 54/262/9 53/263/129 55/264/47
f 4/265/44 3/266/130 1/267/99 2/268/19
f 571/269/131 567/270/132 833/271/76 838/272/51
f 585/273/133 583/274/134 848/275/135 845/276/136
f 88/277/137 87/278/80 83/279/79 84/280/138
f 64/261/125 70/281/139 72/282/140 63/264/141
f 582/261/125 588/281/142 590/282/63 581/264/141
f 61/269/143 57/283/144 65/274/145 67/273/146
f 590/284/63 589/285/41 577/286/40 581/287/141
f 500/192/147 505/191/69 472/190/65 504/189/148
s 0
f 797/288/20 804/289/20 800/290/20 798/291/20
s 1
f 67/273/146 65/274/145 71/187/149 72/188/140
f 66/292/150 65/293/145 57/294/144 58/295/151
f 586/296/152 580/262/153 579/263/154 585/273/133
f 72/284/140 71/285/149 59/286/40 63/287/141
f 572/297/155 839/298/156 836/299/156 568/300/157
f 71/301/149 65/293/145 66/292/150 69/302/158
f 101/303/159 97/304/70 99/305/160 103/306/161
f 80/265/162 78/307/163 77/308/98 79/266/101
f 295/309/20 294/310/20 173/311/20 180/312/20
f 5/201/33 1/313/99 3/223/130 7/204/34
f 78/314/164 80/315/162 76/163/165 74/316/45
f 582/165/125 581/166/141 577/167/40 578/168/39
f 390/317/166 389/318/84 387/319/167 388/320/168
f 32/321/53 28/206/95 26/237/169 30/238/170
f 84/322/138 83/323/79 81/324/78 82/325/171
f 14/326/172 16/327/173 12/206/174 10/237/175
f 86/161/176 88/162/137 84/328/138 82/329/177
f 663/330/178 652/331/178 644/332/76 661/333/76
f 644/332/76 645/331/51 662/330/51 661/333/76
f 122/334/179 121/335/180 123/336/181 124/337/182
f 127/338/183 123/339/181 121/340/180 125/341/184
f 122/342/185 124/343/182 128/344/186 126/345/187
f 96/344/188 92/343/189 90/342/190 94/345/191
f 124/346/182 123/347/181 127/348/183 128/349/186
f 372/350/192 373/351/193 374/352/25 376/353/194
f 102/354/195 101/355/159 103/356/161 104/357/196
f 130/358/179 129/359/88 131/356/197 132/357/198
f 586/296/152 585/273/133 845/360/136 842/361/199
f 131/305/197 129/304/88 133/303/87 135/306/200
f 371/353/201 181/350/202 345/351/203 346/352/204
s 0
f 738/225/205 739/226/205 740/227/205 733/228/205
s 1
f 140/362/206 138/363/179 137/364/207 139/365/208
f 892/366/209 887/367/28 888/368/30 891/369/210
f 142/370/211 138/371/212 140/372/206 144/373/213
f 139/374/208 137/375/207 141/376/214 143/377/215
f 120/378/216 118/379/217 117/380/218 119/381/219
f 137/382/207 138/383/212 142/384/211 141/213/214
f 148/385/220 146/386/179 145/364/207 147/365/221
f 152/378/222 151/381/223 149/380/224 150/379/225
f 91/336/226 89/335/227 90/334/228 92/337/189
f 147/374/221 145/375/207 149/376/224 151/377/223
f 152/387/222 148/388/220 147/389/221 151/390/223
f 145/382/207 146/391/212 150/392/229 149/213/224
f 127/393/183 125/394/184 126/395/230 128/396/186
f 94/395/231 93/394/232 95/393/233 96/396/188
f 604/397/19 603/398/19 602/399/19 591/400/19
f 95/338/233 93/341/232 89/340/227 91/339/226
f 589/301/41 847/401/62 843/402/234 587/302/42
f 413/403/235 417/404/236 416/405/237 414/406/238
f 135/356/200 133/355/87 134/354/239 136/357/240
f 40/233/110 38/174/241 37/175/128 39/234/127
f 102/303/242 104/306/196 100/305/243 98/304/244
f 134/303/90 130/304/89 132/305/198 136/306/240
f 502/194/245 470/193/117 503/240/68 501/239/71
f 309/407/4 310/408/4 308/409/4 307/410/4
f 144/411/213 140/412/206 139/389/208 143/390/215
f 112/413/246 110/414/247 109/380/248 111/381/249
f 118/415/250 120/416/216 116/417/251 114/418/252
f 117/376/218 113/375/253 115/374/254 119/377/219
f 112/411/246 111/390/249 107/389/255 108/412/256
f 116/385/251 115/365/254 113/364/253 114/386/228
f 120/387/216 119/390/219 115/389/254 116/388/251
f 144/413/213 143/381/215 141/380/214 142/414/257
f 110/370/258 112/373/246 108/372/256 106/371/252
f 150/415/229 146/418/212 148/417/220 152/416/222
f 108/362/256 107/365/255 105/364/253 106/363/228
f 110/384/258 106/383/252 105/382/253 109/213/248
s 0
f 822/419/6 818/420/6 816/421/6 823/422/6
f 808/423/259 812/424/259 811/425/259 809/426/259
f 798/427/260 800/14/260 801/226/260 799/225/260
s 1
f 382/428/261 381/429/235 385/430/236 384/431/237
f 399/432/262 400/433/237 401/211/236 394/212/263
f 155/434/8 156/435/8 153/436/8 154/437/8
f 390/428/166 392/431/264 393/438/85 389/439/84
s 0
f 922/440/265 919/441/265 921/442/265 923/443/265
f 1033/444/19 1040/445/19 1036/446/19 1034/447/19
s 1
f 655/448/6 654/449/6 648/450/6 651/451/6
f 316/435/20 315/436/20 320/437/20 318/434/20
f 614/452/6 611/453/6 612/454/6 613/455/6
s 0
f 975/456/19 973/457/19 974/458/19 976/459/19
f 906/460/9 907/461/9 908/462/9 901/463/9
s 1
f 667/464/8 666/465/8 671/466/8 672/467/8
s 0
f 993/468/19 1000/469/19 996/470/19 994/471/19
s 1
f 172/1/1 192/472/7 193/2/2
f 183/473/20 188/474/20 191/475/20 345/476/20
f 95/348/233 91/347/226 92/346/189 96/349/188
s 0
f 897/477/266 896/478/266 900/424/266 899/425/266
s 1
f 197/4/4 198/479/4 199/5/4
f 195/480/6 187/481/6 190/482/6 193/483/6
f 404/353/168 403/484/83 402/485/86 407/486/267
s 0
f 749/487/268 750/488/268 751/489/268 754/490/268
f 943/491/4 926/492/4 925/493/4 941/494/4
s 1
f 190/495/19 189/496/19 169/497/19 172/498/19
f 14/499/172 10/500/175 9/501/58 13/502/57
f 208/7/4 209/503/4 205/8/4
f 182/353/269 338/350/270 339/351/271 340/352/193
s 0
f 1032/504/20 1029/505/20 1030/506/20 1031/507/20
s 1
f 178/10/5 203/508/5 202/11/6
f 171/13/6 201/509/6 192/14/7
f 884/510/25 878/511/25 879/512/23 883/513/192
f 207/514/9 211/515/9 187/516/9 195/517/9
f 431/518/272 432/519/273 433/520/274 426/521/193
f 466/522/67 467/523/115 468/524/114 471/525/64
f 219/526/8 216/527/8 222/528/8 223/529/8
f 225/528/9 217/527/9 218/526/9 224/529/9
f 175/530/19 273/531/19 272/532/19 342/533/19
s 0
f 978/148/4 977/137/4 986/137/4 985/148/4
s 1
f 221/534/9 217/535/9 225/536/9 227/537/9
s 0
f 722/538/9 721/539/9 719/109/9 718/110/9
f 774/427/275 776/14/275 777/226/275 775/225/275
s 1
f 220/540/276 221/541/276 227/542/276 226/543/276
s 0
f 742/427/277 744/14/277 745/226/277 743/225/277
f 990/458/20 989/457/20 991/456/20 992/459/20
s 1
f 544/27/10 556/30/11 557/28/11
f 546/29/4 558/28/278 555/30/12
f 232/544/279 237/545/279 236/546/279 233/547/279
s 0
f 1009/493/280 1010/492/280 1017/548/280 1023/549/280
s 1
f 232/550/281 235/551/281 228/552/281 237/553/281
f 233/554/282 236/555/282 229/556/282 234/557/282
f 456/193/283 454/190/284 490/189/285 492/194/286
s 0
f 1021/558/8 1022/243/8 1023/242/8 1024/559/8
f 948/504/19 945/505/19 946/506/19 947/507/19
s 1
f 245/560/9 244/561/9 246/562/9 247/563/9
s 0
f 1026/564/6 1016/419/6 1012/422/6 1028/565/6
s 1
f 496/524/285 495/523/71 494/522/147 498/525/286
s 0
f 1071/566/20 1073/567/20 1075/568/20 1074/569/20
s 1
f 158/570/4 156/571/4 155/572/4 157/573/4
f 259/574/19 261/575/19 263/576/19 256/577/19
f 174/578/4 183/579/4 520/580/4 175/581/4
f 269/561/19 271/562/19 264/563/19 267/560/19
f 472/524/65 505/523/69 503/522/68 470/525/117
f 251/582/8 248/583/8 249/584/8 250/585/8
f 264/586/6 271/587/6 270/588/6 265/589/6
f 527/590/4 525/591/4 526/592/4 528/593/4
f 298/594/6 297/595/6 304/596/6 303/597/6
s 0
f 893/463/287 898/460/287 899/461/287 900/462/287
f 729/559/8 725/598/8 726/599/8 731/600/8
s 1
f 319/601/19 321/602/19 314/603/19 317/604/19
f 415/605/262 416/606/237 417/211/236 410/212/263
f 93/607/232 94/608/191 90/215/190 89/214/227
s 0
f 922/460/288 923/461/288 924/462/288 917/463/288
s 1
f 555/609/16 547/610/20 548/611/20 556/612/16
f 610/330/178 605/331/178 601/332/289 609/333/289
s 0
f 1051/613/20 1052/614/20 1054/615/20 1053/616/20
s 1
f 600/617/20 278/618/20 279/619/20 282/620/20
f 565/621/290 561/622/92 562/623/91 566/624/291
s 0
f 730/625/4 727/616/4 725/626/4 729/627/4
f 738/490/268 733/487/268 734/628/268 735/629/268
f 911/441/292 913/442/292 915/443/292 914/440/292
s 1
f 366/630/25 346/631/6 368/632/289 367/633/293
f 365/634/194 369/635/294 370/636/51 371/637/4
s 0
f 1059/422/6 1058/419/6 1054/420/6 1052/421/6
s 1
f 171/31/6 280/638/6 600/32/6
f 179/34/6 202/639/6 278/35/6
s 0
f 758/291/19 757/288/19 764/289/19 760/290/19
s 1
f 891/591/210 889/590/295 890/593/296 892/592/209
f 624/640/4 622/641/4 621/642/4 623/643/4
f 52/157/49 51/158/48 49/644/297 50/645/8
f 204/646/19 203/647/19 288/648/19 289/649/19
f 187/650/19 285/651/19 284/652/19 184/653/19
f 99/356/160 97/359/70 98/358/228 100/357/243
f 594/654/19 595/655/19 599/656/19 598/657/19
f 178/37/5 287/658/14 288/38/14
f 200/659/20 186/660/20 292/661/20 296/662/20
f 293/663/20 292/664/20 186/665/20 185/666/20
f 174/667/20 173/668/20 294/669/20 313/670/20
f 287/671/19 178/672/19 177/673/19 286/674/19
f 164/675/19 166/676/19 168/677/19 161/678/19
f 305/679/6 312/680/6 311/681/6 306/682/6
f 281/683/20 606/684/20 176/685/20 179/686/20
s 0
f 904/478/298 908/424/298 907/425/298 905/477/298
f 817/687/4 813/688/4 814/689/4 815/690/4
s 1
f 383/432/262 384/433/237 385/691/236 378/692/299
s 0
f 733/288/19 740/289/19 736/693/19 734/694/19
s 1
f 515/695/8 512/696/8 513/697/8 514/585/8
f 235/698/19 545/699/17 546/700/17 234/701/19
f 547/702/300 555/30/12 558/28/278 554/703/301
f 101/213/159 102/216/242 98/215/244 97/214/70
f 675/704/20 674/705/20 679/706/20 677/707/20
s 0
f 773/288/20 780/289/20 776/693/20 774/694/20
s 1
f 198/708/8 192/709/8 201/710/8 199/711/8
f 325/712/19 327/713/19 329/714/19 322/715/19
f 248/586/6 255/716/6 254/717/6 249/589/6
f 529/718/302 534/719/51 535/171/9 536/720/52
f 580/721/303 576/722/304 575/723/305 579/724/154
f 165/676/9 167/677/9 168/678/9 166/675/9
f 534/725/51 529/726/302 530/727/306 531/728/76
f 334/729/307 333/730/306 337/731/274 336/732/308
s 0
f 702/733/8 704/734/8 705/735/8 703/736/8
s 1
f 245/575/19 247/576/19 240/577/19 243/574/19
f 318/676/9 320/677/9 321/678/9 319/675/9
s 0
f 815/613/20 816/614/20 818/615/20 817/616/20
s 1
f 359/737/272 361/738/309 363/739/307 362/740/273
f 372/741/192 377/742/306 375/743/310 373/744/193
s 0
f 901/745/311 908/746/311 904/747/311 902/748/311
s 1
f 379/209/312 378/212/299 385/211/236 381/210/235
f 529/749/302 536/750/52 532/751/313 530/752/306
f 338/753/270 182/754/269 343/755/314 344/756/307
s 0
f 767/228/20 769/227/20 771/757/20 770/758/20
s 1
f 454/193/284 491/240/68 489/239/71 490/194/285
f 554/759/19 553/760/19 549/761/19 550/762/19
f 345/763/203 181/764/202 180/765/99 173/766/315
f 597/332/76 605/331/178 610/330/178 608/333/76
f 371/754/201 348/755/294 180/756/99 181/753/202
f 136/767/240 132/768/198 131/769/197 135/770/200
f 527/59/316 524/59/316 521/54/317 525/54/317
f 375/730/310 377/731/306 348/732/318 347/729/27
f 450/192/88 455/189/319 456/190/320 457/191/66
f 68/296/321 62/262/322 61/263/143 67/273/146
s 0
f 741/228/323 746/225/323 747/226/323 748/227/323
f 830/625/4 827/771/4 825/559/4 829/627/4
s 1
f 340/772/193 342/773/324 343/774/314 182/775/269
s 0
f 735/776/20 737/479/20 739/757/20 738/758/20
s 1
f 24/777/72 23/778/75 19/622/36 20/623/35
f 358/779/193 360/631/325 361/780/309 359/781/272
s 0
f 782/427/260 784/14/260 785/226/260 783/225/260
s 1
f 354/782/269 355/755/314 356/756/99 349/783/202
f 424/784/264 422/785/166 420/786/168 423/787/326
s 0
f 757/228/323 762/225/323 763/226/323 764/227/323
s 1
f 480/524/65 511/523/69 509/522/68 478/525/117
s 0
f 902/460/8 904/461/8 905/788/8 903/789/8
s 1
f 346/772/204 347/773/272 348/774/294 371/775/201
s 0
f 944/790/8 928/791/8 926/792/8 943/793/8
f 770/490/327 765/487/327 766/794/327 767/795/327
s 1
f 508/524/245 507/523/71 506/522/147 510/525/148
f 685/796/8 686/797/8 684/798/8 683/799/8
f 205/800/9 202/801/9 203/802/9 204/803/9
f 121/214/180 122/215/185 126/608/187 125/607/184
s 0
f 802/225/328 803/226/328 804/227/328 797/228/328
s 1
f 596/332/51 597/331/76 608/330/76 607/333/51
f 302/675/8 301/676/8 303/677/8 304/678/8
f 155/435/20 154/436/20 159/437/20 157/434/20
f 330/350/193 331/351/325 332/352/309 335/353/329
f 190/804/6 187/805/6 186/806/6 191/807/6
s 0
f 810/490/330 805/487/330 806/794/330 807/795/330
s 1
f 386/808/86 393/809/85 392/433/264 391/432/267
s 0
f 1049/688/4 1050/689/4 1051/690/4 1053/687/4
s 1
f 300/604/20 302/601/20 304/602/20 297/603/20
f 335/518/329 336/519/308 337/520/274 330/521/193
f 537/810/50 535/750/52 533/751/313 538/811/331
f 373/630/193 375/631/310 347/632/27 374/633/25
s 0
f 1065/559/20 1067/600/20 1068/507/20 1066/771/20
f 910/748/332 909/745/332 916/746/332 912/747/332
f 993/812/4 994/813/4 995/814/4 998/815/4
s 1
f 685/816/4 687/817/4 688/818/4 686/819/4
f 664/330/289 658/331/289 652/332/178 663/333/178
f 468/194/114 467/239/115 469/240/116 470/193/117
s 0
f 898/440/333 895/441/333 897/442/333 899/443/333
s 1
f 408/784/264 406/785/166 404/786/168 407/787/267
f 86/820/176 82/821/177 81/822/78 85/823/77
f 423/824/326 420/825/168 419/484/83 418/485/86
f 677/704/9 679/705/9 680/706/9 678/707/9
f 599/330/51 635/331/51 636/332/76 598/333/76
f 439/826/329 440/827/273 441/828/274 434/829/193
f 881/131/334 882/830/8 884/126/8 883/129/192
f 616/455/4 618/452/4 617/453/4 615/454/4
f 479/525/64 474/522/67 475/523/115 476/524/114
f 436/831/335 438/832/307 440/833/273 439/834/329
f 351/835/204 353/836/336 355/774/314 354/837/269
s 0
f 734/427/337 736/14/337 737/226/337 735/225/337
s 1
f 406/317/166 405/784/84 403/787/83 404/320/168
f 173/730/315 180/731/99 348/732/294 347/729/272
f 547/838/20 552/839/20 551/840/20 548/841/20
f 339/763/271 338/764/270 344/765/307 341/766/338
f 493/191/69 456/190/283 492/189/286 488/192/70
s 0
f 1067/842/6 1062/843/6 1064/844/6 1068/845/6
s 1
f 223/846/339 222/847/339 225/848/339 224/849/339
f 430/729/307 429/730/331 433/731/274 432/732/273
f 427/850/325 426/851/193 433/852/274 429/853/331
f 434/350/193 435/351/340 436/352/335 439/353/329
f 622/704/9 619/705/9 620/706/9 621/707/9
s 0
f 975/854/6 976/855/6 967/458/6 968/856/6
s 1
f 474/189/67 481/190/66 477/193/116 475/194/115
s 0
f 1074/857/4 1075/858/4 1076/567/4 1069/566/4
s 1
f 435/859/340 434/860/193 441/861/274 437/862/331
s 0
f 954/863/9 959/864/9 957/865/9 949/866/9
s 1
f 332/867/309 334/868/307 336/869/308 335/870/329
s 0
f 1034/871/178 1036/629/178 1037/629/178 1035/871/178
s 1
f 460/194/341 459/239/115 461/240/116 462/193/342
s 0
f 983/855/9 982/854/9 990/856/9 992/458/9
s 1
f 630/818/6 627/872/6 628/873/6 629/874/6
s 0
f 981/854/8 984/855/8 991/458/8 989/856/8
s 1
f 16/875/173 15/876/60 11/622/59 12/623/174
f 376/635/194 348/636/318 377/637/306 372/634/192
f 394/485/263 395/484/312 396/353/343 399/486/262
s 0
f 984/856/6 983/458/6 992/855/6 991/854/6
s 1
f 365/350/194 366/351/25 367/352/293 369/353/294
s 0
f 990/877/4 982/877/4 981/878/4 989/878/4
s 1
f 452/194/341 451/239/115 453/240/116 454/193/342
f 637/330/289 635/331/51 599/332/51 602/333/289
s 0
f 732/507/9 728/879/9 727/880/9 730/771/9
s 1
f 243/582/8 240/583/8 241/584/8 242/585/8
f 490/524/285 489/523/71 488/522/70 492/525/286
s 0
f 938/881/6 937/882/6 935/883/6 936/884/6
s 1
f 499/191/69 464/190/283 498/189/286 494/192/147
f 627/885/8 634/886/8 633/887/8 628/888/8
f 458/522/88 459/523/115 460/524/341 463/525/319
f 222/846/344 226/889/344 227/890/344 225/849/344
s 0
f 1027/491/4 1010/492/4 1009/493/4 1025/494/4
s 1
f 350/891/271 349/892/202 356/765/99 352/893/338
f 508/194/245 478/193/117 509/240/68 507/239/71
s 0
f 797/487/345 798/794/345 799/795/345 802/490/345
s 1
f 343/894/19 342/895/19 272/896/19 276/897/19
s 0
f 970/137/4 961/137/4 962/148/4 969/148/4
s 1
f 104/767/196 103/770/161 99/769/160 100/768/243
f 458/192/88 463/189/319 464/190/320 465/191/66
f 280/448/6 281/449/6 278/450/6 600/451/6
f 477/522/116 481/523/66 480/524/65 478/525/117
f 514/898/20 513/899/20 518/900/20 516/901/20
f 484/194/245 446/193/117 485/240/68 483/239/71
f 31/902/56 27/622/96 28/623/95 32/903/53
f 486/525/148 484/524/245 483/523/71 482/522/70
f 464/193/283 462/190/346 496/189/285 498/194/286
f 239/57/9 237/904/9 228/905/9 231/55/9
s 0
f 1069/906/8 1070/882/8 1071/907/8 1074/908/8
s 1
f 47/253/106 43/254/121 44/255/107 48/256/103
f 447/189/64 448/190/65 449/191/66 442/192/67
f 269/909/4 267/910/4 266/911/4 268/912/4
f 260/561/9 262/562/9 263/563/9 261/560/9
f 453/522/116 457/523/66 456/524/320 454/525/342
f 538/913/331 533/914/313 540/915/8 539/916/76
f 496/194/285 462/193/346 497/240/68 495/239/71
f 511/191/69 480/190/65 510/189/148 506/192/147
f 319/917/4 317/918/4 316/919/4 318/920/4
f 268/561/9 270/562/9 271/563/9 269/560/9
f 563/217/347 559/182/93 561/183/92 565/154/290
f 475/239/115 477/240/116 478/193/117 476/194/114
f 80/921/162 79/922/101 75/923/100 76/924/165
f 531/925/76 530/926/306 532/927/313 533/915/8
s 0
f 893/487/348 894/628/348 895/629/348 898/490/348
s 1
f 166/410/4 164/928/4 163/929/4 165/409/4
f 64/165/125 63/166/141 59/167/40 60/168/39
f 324/930/8 325/931/8 322/932/8 323/933/8
f 548/934/9 551/935/9 549/936/9 553/937/9
s 0
f 831/600/8 829/559/8 825/242/8 826/938/8
s 1
f 259/582/8 256/583/8 257/584/8 258/585/8
f 517/939/19 519/940/19 512/941/19 515/942/19
f 514/40/4 520/943/4 183/41/4
f 516/43/4 175/944/4 520/44/4
f 517/46/4 174/945/4 175/47/4
f 515/49/4 183/946/4 174/50/4
f 230/52/4 238/56/4 522/53/4
f 239/55/4 523/58/4 522/53/4
f 231/57/4 524/59/4 523/58/4
f 231/57/4 230/52/4 521/54/4
f 199/947/20 201/948/20 600/949/20 282/950/20
f 422/951/166 424/952/264 425/404/85 421/403/84
f 331/850/325 330/851/193 337/852/274 333/853/306
s 0
f 778/758/19 775/776/19 777/479/19 779/757/19
f 695/953/349 697/954/349 699/955/349 698/956/349
s 1
f 6/820/43 2/957/45 1/958/99 5/823/33
s 0
f 974/877/4 973/878/4 965/878/4 966/877/4
s 1
f 187/959/8 184/960/8 185/961/8 186/962/8
f 244/912/4 245/909/4 243/963/4 242/964/4
f 643/965/20 642/966/20 640/967/20 641/968/20
s 0
f 1041/444/19 1048/445/19 1044/446/19 1042/447/19
s 1
f 410/485/263 411/484/312 412/969/343 415/970/262
f 543/60/15 555/971/16 556/61/16
f 537/972/50 538/973/331 539/728/76 541/725/51
f 598/330/76 636/331/76 638/332/178 603/333/178
f 358/974/193 357/975/274 364/976/306 360/977/325
f 379/978/312 381/979/235 382/317/261 380/320/343
f 22/980/82 18/981/81 17/982/37 21/983/74
s 0
f 778/225/350 779/226/350 780/227/350 773/228/350
f 702/984/4 701/985/4 708/986/4 704/987/4
s 1
f 545/63/17 557/988/18 558/64/18
f 566/153/291 564/218/54 563/217/347 565/154/290
f 16/989/173 14/990/351 13/991/57 15/992/60
f 299/435/19 298/436/19 303/437/19 301/434/19
f 614/465/8 616/466/8 615/467/8 611/464/8
f 566/153/291 562/206/91 560/237/352 564/218/352
f 253/917/4 251/993/4 250/994/4 252/995/4
f 56/165/46 55/166/47 51/167/48 52/168/49
f 78/996/164 74/957/45 73/958/99 77/997/98
f 60/157/39 59/158/40 71/159/149 69/160/158
f 23/998/75 21/999/74 17/1000/37 19/183/36
f 579/269/154 575/283/305 583/274/134 585/273/133
f 62/297/353 68/296/354 66/1001/355 58/1002/356
f 609/330/289 601/331/289 596/332/51 607/333/51
f 218/1003/357 219/1004/357 223/1005/357 224/1006/357
f 109/376/248 105/375/253 107/374/255 111/377/249
f 584/292/358 583/293/134 575/294/305 576/295/359
f 836/1007/8 833/1008/76 567/644/132 568/645/8
f 70/247/360 64/248/125 60/249/39 69/250/361
f 651/617/19 648/618/19 649/619/19 650/620/19
f 691/330/178 689/331/76 647/332/76 653/333/178
f 411/787/312 413/784/235 414/1009/238 412/1010/343
f 647/330/76 689/331/76 690/332/51 646/333/51
f 392/784/264 390/785/166 388/786/168 391/787/267
f 642/97/20 643/94/20 647/1011/20 646/98/20
f 602/66/19 599/1012/19 595/67/19
f 657/1013/20 656/96/20 653/93/20 639/95/20
f 603/69/19 604/1014/19 594/70/19
f 854/1015/9 849/1016/9 857/1017/9 858/1018/9
f 601/72/20 606/1019/20 281/73/20
f 222/536/8 216/535/8 220/534/8 226/537/8
f 605/75/20 597/1020/20 280/76/20
f 646/330/51 690/331/51 692/332/289 656/333/289
f 261/909/4 259/910/4 258/911/4 260/912/4
f 622/707/20 624/704/20 626/705/20 619/706/20
f 613/464/9 612/465/9 617/466/9 618/467/9
f 309/676/8 311/677/8 312/678/8 310/675/8
s 0
f 917/745/362 924/746/362 920/747/362 918/748/362
s 1
f 609/78/20 607/90/20 611/79/20
f 610/81/20 609/91/20 615/82/20
f 607/84/20 608/92/20 612/85/20
f 610/87/20 617/99/20 612/88/20
f 406/428/166 408/431/264 409/404/85 405/403/84
f 595/965/19 594/966/19 592/967/19 593/968/19
f 603/331/178 638/330/178 637/333/289 602/332/289
f 316/434/8 317/435/8 314/436/8 315/437/8
f 46/1021/109 42/500/108 41/501/122 45/1022/105
f 327/917/4 325/918/4 324/919/4 326/920/4
f 448/524/65 487/523/69 485/522/68 446/525/117
f 558/64/18 557/988/18 553/1023/19 554/1024/19
f 403/209/83 405/210/84 409/211/85 402/212/86
f 411/209/312 410/212/263 417/211/236 413/210/235
f 678/704/19 680/705/19 673/706/19 676/707/19
f 380/786/343 382/785/261 384/784/237 383/787/262
f 637/78/19 616/80/19 614/79/19
f 638/81/19 618/83/19 616/82/19
f 635/84/19 614/86/19 613/85/19
f 613/88/19 618/99/19 638/87/19
f 395/209/312 394/212/263 401/211/236 397/210/235
f 346/1025/204 345/1026/203 173/1027/315 347/1028/272
f 322/586/6 329/587/6 328/1029/6 323/1030/6
f 645/332/51 658/331/289 664/330/289 662/333/51
s 0
f 741/288/19 748/289/19 744/290/19 742/291/19
s 1
f 487/191/69 448/190/65 486/189/148 482/192/70
f 632/1031/20 634/1032/20 627/1033/20 630/1034/20
f 525/54/317 521/54/317 522/53/52 526/53/52
f 485/193/68 487/190/69 482/189/70 483/194/71
f 655/76/19 645/1020/19 644/74/19 654/73/19
f 653/93/20 647/1011/20 643/94/20
f 660/1019/19 652/72/19 658/75/19 659/77/19
f 656/96/20 657/1035/20 642/97/20
f 606/1019/20 601/72/20 605/75/20 283/77/20
f 652/72/19 660/1019/19 654/73/19
f 281/73/20 280/76/20 597/1020/20 596/74/20
f 658/75/19 645/1020/19 655/76/19
f 277/1036/19 274/1037/19 340/1038/19 182/1039/19
s 0
f 724/1040/4 720/1040/4 719/1041/4 721/1041/4
s 1
f 258/582/20 257/583/20 262/584/20 260/585/20
f 279/1042/20 278/1043/20 202/1044/20 205/1045/20
s 0
f 1070/857/6 1072/858/6 1073/567/6 1071/566/6
s 1
f 256/1046/6 263/1047/6 262/1048/6 257/1049/6
f 663/78/19 661/90/19 665/79/19
f 664/81/19 663/91/19 669/82/19
f 661/84/19 662/92/19 666/85/19
f 664/87/19 671/99/19 666/88/19
f 422/1050/166 421/784/84 419/787/83 420/1051/168
f 428/867/309 430/868/307 432/869/273 431/870/272
f 324/931/20 323/932/20 328/933/20 326/930/20
f 656/331/289 692/330/289 691/333/178 653/332/178
f 686/1031/19 688/1032/19 681/1033/19 684/1034/19
f 676/704/8 673/705/8 674/706/8 675/707/8
s 0
f 715/613/20 716/614/20 718/615/20 717/616/20
s 1
f 685/1052/20 683/1053/20 682/1054/20 687/1055/20
f 527/59/316 528/58/313 523/58/313 524/59/316
f 415/787/262 412/786/343 414/785/238 416/784/237
f 30/1021/170 26/500/169 25/501/97 29/1022/55
s 0
f 914/490/363 909/487/363 910/628/363 911/629/363
s 1
f 670/80/20 668/79/20 689/90/20
f 692/81/20 672/83/20 670/82/20
f 689/84/20 668/86/20 667/85/20
f 690/89/20 667/88/20 672/99/20
f 572/721/155 568/1056/157 567/1057/132 571/724/131
f 8/277/31 7/278/34 3/923/130 4/924/44
f 461/522/116 465/523/66 464/524/320 462/525/342
f 339/1026/271 341/1027/338 342/1028/324 340/1025/193
s 0
f 697/100/8 695/872/8 694/101/8
f 693/1058/364 700/1059/364 696/1060/364 694/1061/364
s 1
f 396/786/343 398/785/261 400/784/237 399/787/262
s 0
f 699/103/9 700/1062/9 693/104/9
s 1
f 388/353/168 387/1063/167 386/1064/86 391/486/267
s 0
f 971/856/6 972/458/6 963/855/6 964/854/6
s 1
f 684/818/6 681/872/6 682/873/6 683/874/6
s 0
f 703/984/6 705/987/6 707/1065/6 706/1066/6
s 1
f 163/435/20 162/436/20 167/437/20 165/434/20
s 0
f 894/748/365 893/745/365 900/746/365 896/747/365
f 720/106/8 716/1067/8 715/107/8
f 704/1068/19 708/1069/19 707/1070/19 705/1071/19
s 1
f 217/889/366 216/890/366 219/849/366 218/846/366
f 520/1072/9 183/1073/9 345/1074/9 340/1075/9
s 0
f 719/109/9 713/626/9 717/108/9
f 1058/538/9 1057/539/9 1055/109/9 1054/110/9
s 1
f 891/1076/210 888/1077/30 885/1078/26 889/1079/295
f 425/211/85 424/1080/264 423/1081/326 418/212/86
s 0
f 713/688/4 714/689/4 715/690/4 717/687/4
s 1
f 673/797/6 680/798/6 679/1082/6 674/1083/6
s 0
f 729/559/20 731/600/20 732/507/20 730/771/20
s 1
f 621/704/19 620/705/19 625/706/19 623/707/19
f 564/1084/352 560/500/352 559/501/93 563/1085/347
s 0
f 744/423/367 748/424/367 747/425/367 745/426/367
f 831/842/6 826/843/6 828/844/6 832/845/6
s 1
f 193/1086/19 206/1087/19 207/1088/19 195/1089/19
f 266/575/20 265/576/20 270/577/20 268/574/20
s 0
f 751/225/20 753/226/20 755/757/20 754/758/20
f 832/1090/9 828/507/9 827/771/9 830/1091/9
f 736/478/368 740/424/368 739/425/368 737/477/368
s 1
f 350/1092/271 352/1027/338 353/1028/336 351/1093/204
s 0
f 789/487/369 790/488/369 791/489/369 794/490/369
f 971/456/19 970/457/19 969/458/19 972/459/19
f 741/487/370 742/794/370 743/795/370 746/490/370
f 743/228/20 745/227/20 747/757/20 746/758/20
f 758/427/277 760/14/277 761/226/277 759/225/277
f 750/1094/19 749/288/19 756/289/19 752/1095/19
f 731/842/6 726/1096/6 728/1097/6 732/845/6
f 750/427/337 752/14/337 753/226/337 751/225/337
s 1
f 502/524/245 501/523/71 500/522/147 504/525/148
s 0
f 754/225/205 755/226/205 756/227/205 749/228/205
f 786/225/328 787/226/328 788/227/328 781/228/328
s 1
f 361/729/309 360/730/325 364/731/306 363/732/307
s 0
f 784/423/371 788/424/371 787/425/371 785/426/371
s 1
f 395/787/312 397/784/235 398/317/261 396/320/343
s 0
f 757/487/370 758/794/370 759/795/370 762/490/370
f 759/228/20 761/227/20 763/757/20 762/758/20
s 1
f 357/350/274 358/351/193 359/352/272 362/353/273
s 0
f 765/288/19 772/289/19 768/290/19 766/291/19
f 773/487/369 774/628/369 775/629/369 778/490/369
s 1
f 619/797/6 626/798/6 625/1082/6 620/1083/6
s 0
f 760/423/367 764/424/367 763/425/367 761/426/367
f 789/288/20 796/289/20 792/1095/20 790/1094/20
f 914/460/372 915/461/372 916/462/372 909/463/372
f 790/427/275 792/14/275 793/226/275 791/225/275
s 1
f 397/403/235 401/404/236 400/431/237 398/428/261
f 367/1098/293 368/1099/289 370/1100/51 369/1101/294
s 0
f 781/487/345 782/794/345 783/795/345 786/490/345
s 1
f 459/194/115 458/189/88 465/190/66 461/193/116
f 445/522/116 449/523/66 448/524/65 446/525/117
f 357/1102/274 362/1103/273 363/1104/307 364/1105/306
s 0
f 824/1040/4 820/1040/4 819/1041/4 821/1041/4
s 1
f 580/297/303 586/296/373 584/1001/374 576/1002/304
s 0
f 776/478/375 780/424/375 779/425/375 777/477/375
f 786/758/19 783/228/19 785/227/19 787/757/19
s 1
f 378/1106/299 379/1107/312 380/353/343 383/486/262
s 0
f 794/225/350 795/226/350 796/227/350 789/228/350
f 768/423/376 772/424/376 771/425/376 769/426/376
s 1
f 307/435/19 306/436/19 311/437/19 309/434/19
s 0
f 752/488/368 756/424/368 755/425/368 753/489/368
f 791/225/19 793/226/19 795/757/19 794/758/19
s 1
f 409/211/85 408/433/264 407/432/267 402/212/86
f 158/601/19 160/602/19 153/603/19 156/604/19
s 0
f 894/460/377 896/461/377 897/788/377 895/789/377
f 781/288/20 788/289/20 784/290/20 782/291/20
s 1
f 38/1021/113 34/500/112 33/501/119 37/1022/128
s 0
f 802/758/19 799/228/19 801/227/19 803/757/19
s 1
f 681/885/9 688/886/9 687/887/9 682/888/9
f 387/209/167 389/210/84 393/211/85 386/212/86
f 631/816/4 633/817/4 634/818/4 632/819/4
s 0
f 806/291/20 805/288/20 812/289/20 808/290/20
f 800/423/371 804/424/371 803/425/371 801/426/371
s 1
f 118/392/250 114/391/252 113/382/253 117/213/218
f 231/57/19 228/904/19 229/905/19 230/55/19
s 0
f 820/106/8 816/1067/8 815/107/8
s 1
f 191/1108/9 188/1109/9 189/1110/9 190/1111/9
f 300/435/9 297/436/9 298/437/9 299/434/9
s 0
f 713/243/19 719/1041/19 720/1040/19 714/1112/19
f 819/109/9 813/626/9 817/108/9
f 1059/1113/8 1052/1067/8 1056/106/8 1060/1114/8
f 822/538/9 821/539/9 819/109/9 818/110/9
s 1
f 352/1115/338 356/731/99 355/732/314 353/1116/336
f 240/1046/6 247/1117/6 246/1118/6 241/1049/6
s 0
f 903/441/378 905/442/378 907/443/378 906/440/378
f 770/225/379 771/226/379 772/227/379 765/228/379
f 1006/815/4 1001/812/4 1002/813/4 1003/814/4
f 1067/600/8 1065/559/8 1061/242/8 1062/938/8
f 949/1119/4 950/1120/4 951/1121/4 954/1122/4
s 1
f 839/298/9 572/262/9 571/263/131 838/272/51
f 53/269/129 49/270/297 51/286/48 55/287/47
f 837/1123/51 834/1124/76 569/286/48 573/287/47
f 574/261/46 840/1125/9 837/1123/51 573/264/47
f 54/297/380 56/248/46 52/249/49 50/300/381
f 840/1125/156 574/248/46 570/249/49 835/1126/156
f 76/265/165 75/266/100 73/1127/99 74/1128/19
f 12/153/174 11/154/59 9/217/58 10/218/382
f 848/1129/135 583/293/134 584/292/358 844/1130/383
f 68/296/321 67/273/146 72/1131/140 70/1132/139
f 68/296/354 70/1133/360 69/1134/361 66/1001/355
f 47/251/106 45/220/105 41/182/122 43/252/121
f 88/149/137 86/150/32 85/151/77 87/152/80
f 841/1135/384 846/1136/61 590/1131/63 588/1132/142
f 586/296/373 842/1137/385 844/1138/386 584/1001/374
f 841/1139/387 588/1133/124 587/1134/126 843/1140/387
f 869/1141/8 870/1142/8 866/1143/8 862/1144/8
f 855/1145/9 859/1146/9 856/1147/9 850/1148/9
f 852/116/9 854/1149/9 858/114/9
f 858/114/9 860/113/21 853/115/9
f 853/115/9 860/113/21 859/117/9
f 859/117/9 855/1150/9 851/118/9
s 0
f 807/228/19 809/227/19 811/757/19 810/758/19
s 1
f 868/1151/8 863/1152/8 867/1153/8 871/1154/8
f 872/123/8 865/122/8 870/121/8
f 865/122/8 861/119/8 870/121/8
f 867/1155/8 864/1156/8 871/124/8
f 864/1156/8 865/122/8 871/124/8
f 234/1157/388 229/1158/388 228/1159/388 235/1160/388
s 0
f 1018/1161/389 1019/1162/389 1013/1163/389 1011/1164/389
s 1
f 876/125/8 879/129/23 878/126/8
f 875/128/22 880/131/24 879/129/23
f 875/128/22 873/1165/8 877/130/8
f 349/350/202 350/1166/271 351/1167/204 354/353/269
f 253/560/9 252/561/9 254/562/9 255/563/9
s 0
f 792/488/375 796/424/375 795/425/375 793/489/375
s 1
f 171/1168/8 172/1169/8 169/1170/8 170/1171/8
f 878/132/25 886/135/29 885/133/26
f 878/134/25 884/132/25 887/135/28
f 882/132/27 888/135/30 887/133/28
f 877/132/27 885/135/26 888/133/30
s 0
f 1069/1172/19 1076/1173/19 1072/1174/19 1070/1175/19
s 1
f 195/1176/390 290/1177/390 285/1178/390 187/1179/390
f 889/366/295 885/367/26 886/368/29 890/369/296
f 892/1079/209 890/1076/296 886/1077/29 887/1078/28
s 0
f 807/225/391 806/427/391 808/14/391 809/226/391
f 911/789/392 910/460/392 912/461/392 913/788/392
f 917/487/393 918/628/393 919/629/393 922/490/393
s 1
f 526/53/52 522/53/52 523/58/313 528/58/313
s 0
f 939/549/4 933/548/4 934/1180/4 940/1181/4
s 1
f 302/408/4 300/409/4 299/410/4 301/407/4
f 426/350/193 427/351/325 428/352/309 431/353/272
f 154/596/6 153/597/6 160/1182/6 159/1183/6
f 497/193/68 499/190/69 494/189/147 495/194/71
f 314/586/6 321/587/6 320/1029/6 315/1030/6
s 0
f 814/1112/19 813/243/19 819/1041/19 820/1040/19
s 1
f 308/435/9 305/436/9 306/437/9 307/434/9
f 341/730/338 344/731/307 343/732/314 342/729/324
f 631/1052/19 629/1053/19 628/1054/19 633/1055/19
f 161/597/6 168/1182/6 167/1183/6 162/596/6
s 0
f 920/478/394 924/424/394 923/425/394 921/477/394
f 766/427/395 768/14/395 769/226/395 767/225/395
f 709/1184/8 711/1185/8 712/1186/8 710/1187/8
s 1
f 171/1188/20 170/1189/20 283/1190/20 280/1191/20
s 0
f 912/478/396 916/424/396 915/425/396 913/477/396
s 1
f 624/707/8 623/704/8 625/705/8 626/706/8
f 427/1192/325 429/1193/331 430/1194/307 428/1195/309
f 275/1196/19 520/1197/19 340/1198/19 274/1199/19
f 668/465/9 670/466/9 669/467/9 665/464/9
s 0
f 944/565/6 942/564/6 932/419/6 928/422/6
s 1
f 230/57/8 229/904/8 236/905/8 238/55/8
f 632/797/9 630/798/9 629/799/9 631/796/9
s 0
f 1022/881/6 1021/882/6 1019/883/6 1020/884/6
f 937/558/9 938/243/9 939/242/9 940/559/9
f 935/883/397 937/882/397 931/1200/397 929/1201/397
f 939/242/398 938/243/398 932/243/398 925/242/398
f 1031/507/399 1027/879/399 1025/938/399 1032/504/399
f 930/559/400 931/558/400 937/1202/400 940/598/400
f 1010/792/401 1012/791/401 1020/1203/401 1017/1204/401
f 925/493/402 926/492/402 933/548/402 939/549/402
f 1023/242/403 1022/243/403 1016/243/403 1009/242/403
f 996/1205/6 1000/1206/6 999/1207/6 997/1208/6
f 936/1203/8 935/1162/8 934/1161/8 933/1204/8
s 1
f 464/524/283 499/523/69 497/522/68 462/525/346
f 668/452/6 665/453/6 666/454/6 667/455/6
s 0
f 1031/507/404 1030/506/404 1028/1209/404 1027/879/404
f 947/507/405 943/879/405 941/938/405 948/504/405
f 945/505/406 942/1210/406 944/1209/406 946/506/406
f 1032/504/407 1025/938/407 1026/1210/407 1029/505/407
f 960/864/8 952/1211/8 953/1212/8 958/865/8
f 952/1213/6 956/1214/6 955/1215/6 953/1216/6
s 1
f 326/1217/9 328/1218/9 329/1219/9 327/1220/9
f 450/522/88 451/523/115 452/524/341 455/525/319
f 437/730/331 441/731/274 440/732/273 438/729/307
f 672/452/4 671/453/4 669/454/4 670/455/4
f 435/1221/340 437/1222/331 438/1223/307 436/1224/335
f 442/189/67 449/190/66 445/193/116 443/194/115
s 0
f 960/136/19 962/148/19 961/137/19
f 958/1225/20 953/1226/20 982/1227/20 983/1228/20
f 949/139/19 964/1229/19 963/140/19
f 1024/1181/408 1018/1180/408 1011/689/408 1014/688/408
f 952/142/19 966/1230/19 965/143/19
f 977/1231/20 959/1232/20 954/1233/20 980/855/20
f 957/145/19 968/1234/19 967/146/19
f 966/1227/19 952/1226/19 960/1225/19 967/1228/19
f 985/458/20 986/457/20 987/456/20 988/459/20
s 1
f 232/1165/9 544/128/10 545/125/10 235/127/9
f 452/189/341 454/190/342 456/193/320 455/194/319
s 0
f 994/1235/8 996/1236/8 997/1237/8 995/1238/8
f 918/460/409 920/461/409 921/788/409 919/789/409
f 975/458/8 968/855/8 965/854/8 973/856/8
s 1
f 678/640/4 676/641/4 675/642/4 677/643/4
s 0
f 987/856/6 980/854/6 979/855/6 988/458/6
s 1
f 233/1239/20 543/60/15 544/62/15 232/1240/20
s 0
f 974/856/9 966/854/9 967/855/9 976/458/9
f 959/138/20 977/137/20 978/148/20
f 965/1231/19 968/855/19 957/1233/19 956/1232/19
f 979/140/20 980/1229/20 954/139/20
f 961/1231/19 964/855/19 949/1233/19 957/1232/19
f 981/143/20 982/1230/20 953/142/20
f 981/1231/20 955/1232/20 959/1233/20 984/855/20
f 983/146/20 984/1234/20 959/145/20
f 951/1225/20 958/1226/20 978/1227/20 979/1228/20
s 1
f 310/676/20 312/677/20 305/678/20 308/675/20
f 239/1241/20 238/1239/20 236/1242/20 237/1243/20
f 450/189/88 457/190/66 453/193/116 451/194/115
s 0
f 971/458/8 964/855/8 961/854/8 970/856/8
f 979/458/9 978/856/9 985/854/9 988/855/9
f 969/854/9 962/856/9 963/458/9 972/855/9
f 1028/790/9 1012/791/9 1010/792/9 1027/793/9
s 1
f 466/189/67 473/190/66 469/193/116 467/194/115
f 442/522/67 443/523/115 444/524/114 447/525/64
s 0
f 977/854/8 980/855/8 987/458/8 986/856/8
f 959/864/9 955/1211/9 956/1212/9 957/865/9
s 1
f 331/1192/325 333/1193/306 334/1194/307 332/1195/309
s 0
f 941/241/9 925/242/9 932/243/9 942/244/9
s 1
f 456/524/283 493/523/69 491/522/68 454/525/284
s 0
f 1004/1205/6 1008/1206/6 1007/1207/6 1005/1208/6
f 722/419/6 718/420/6 716/421/6 723/422/6
f 950/863/8 960/864/8 958/865/8 951/866/8
f 1002/1235/9 1004/1236/9 1005/1237/9 1003/1238/9
s 1
f 460/189/341 462/190/342 464/193/320 463/194/319
f 217/849/410 221/890/410 220/889/410 216/846/410
s 0
f 1023/549/4 1017/548/4 1018/1180/4 1024/1181/4
s 1
f 193/1244/8 190/1245/8 210/1246/8 206/1247/8
s 0
f 1006/812/8 1007/1248/8 1008/1249/8 1001/815/8
f 1019/883/411 1021/882/411 1015/1200/411 1013/1201/411
f 926/792/412 928/791/412 936/1203/412 933/1204/412
f 1020/884/413 1012/422/413 1016/419/413 1022/881/413
f 1014/559/414 1015/558/414 1021/1202/414 1024/598/414
f 940/1181/415 934/1180/415 927/689/415 930/688/415
f 928/422/416 932/419/416 938/881/416 936/884/416
s 1
f 878/126/8 877/1250/8 873/1165/8 874/127/8
s 0
f 934/1161/417 935/1162/417 929/1163/417 927/1164/417
s 1
f 469/522/116 473/523/66 472/524/65 470/525/117
s 0
f 1020/1203/9 1019/1162/9 1018/1161/9 1017/1204/9
f 998/812/9 999/1248/9 1000/1249/9 993/815/9
f 1046/1251/51 1047/628/51 1048/629/51 1041/871/51
f 947/507/418 946/506/418 944/1209/418 943/879/418
f 948/504/419 941/938/419 942/1210/419 945/505/419
f 1030/506/420 1029/505/420 1026/1210/420 1028/1209/420
f 962/1227/19 960/1226/19 950/1225/19 963/1228/19
s 1
f 253/561/19 255/562/19 248/563/19 251/560/19
f 157/676/9 159/677/9 160/678/9 158/675/9
s 0
f 1049/243/19 1055/1041/19 1056/1040/19 1050/1112/19
f 1038/1251/51 1039/628/51 1040/629/51 1033/871/51
s 1
f 507/194/71 509/193/68 511/190/69 506/189/147
s 0
f 1042/871/178 1044/629/178 1045/629/178 1043/871/178
f 1056/106/8 1052/1067/8 1051/107/8
s 1
f 163/434/8 164/435/8 161/436/8 162/437/8
s 0
f 1002/471/20 1001/468/20 1008/469/20 1004/470/20
s 1
f 242/582/20 241/583/20 246/584/20 244/585/20
s 0
f 1055/109/9 1049/626/9 1053/108/9
f 823/1113/8 816/1067/8 820/106/8 824/1114/8
f 723/1113/8 716/1067/8 720/106/8 724/1114/8
s 1
f 517/1252/9 516/1253/9 518/1254/9 519/1255/9
f 883/1256/192 879/1257/23 880/1258/24 881/1259/334
s 0
f 829/559/20 831/600/20 832/507/20 830/771/20
f 1068/1090/9 1064/507/9 1063/771/9 1066/1091/9
f 901/487/421 902/628/421 903/629/421 906/490/421
s 1
f 267/582/8 264/583/8 265/584/8 266/585/8
s 0
f 1066/625/4 1063/771/4 1061/559/4 1065/627/4
f 706/873/9 707/1260/9 708/1261/9 701/1262/9
s 1
f 556/30/11 548/702/9 553/703/9 557/28/11
f 250/582/20 249/583/20 254/584/20 252/585/20
s 0
f 1060/1040/4 1056/1040/4 1055/1041/4 1057/1041/4
s 1
f 882/511/27 881/512/334 880/513/24 877/510/27
f 503/193/68 505/190/69 500/189/147 501/194/71
s 0
f 1072/1263/9 1076/1264/9 1075/1265/9 1073/1266/9
